Workbook

Sheet Fats Raw Data
A1: {=_xldudf_BCTS(B1:I1,B2:I2,"Aggregation=Daily","AggSize=1","AggSpec=Continue",DATE(2026,5,8),,,,"Sort=Desc","Orientation=Vertical","Roll=1","Volume=Contract","Bars=1")} -> History | B1: LEG27 | K1: {=_xldudf_BCTS(L1:S1,L2:S2,"Aggregation=Daily","AggSize=1","AggSpec=Continue",DATE(2026,5,8),,,,"Sort=Desc","Orientation=Vertical","Roll=1","Volume=Contract","Bars=1")} -> History | L1: LEJ27 | U1: {=_xldudf_BCTS(V1:AC1,V2:AC2,"Aggregation=Daily","AggSize=1","AggSpec=Continue",DATE(2026,5,8),,,,"Sort=Desc","Orientation=Vertical","Roll=1","Volume=Contract","Bars=1")} -> History | V1: LEM26 | AE1: {=_xldudf_BCTS(AF1:AM1,AF2:AM2,"Aggregation=Daily","AggSize=1","AggSpec=Continue",DATE(2026,5,8),,,,"Sort=Desc","Orientation=Vertical","Roll=1","Volume=Contract","Bars=1")} -> History | AF1: LEQ26 | AO1: {=_xldudf_BCTS(AP1:AW1,AP2:AW2,"Aggregation=Daily","AggSize=1","AggSpec=Continue",DATE(2026,5,8),,,,"Sort=Desc","Orientation=Vertical","Roll=1","Volume=Contract","Bars=1")} -> History | AP1: LEV26 | AY1: {=_xldudf_BCTS(AZ1:BG1,AZ2:BG2,"Aggregation=Daily","AggSize=1","AggSpec=Continue",DATE(2026,5,8),,,,"Sort=Desc","Orientation=Vertical","Roll=1","Volume=Contract","Bars=1")} -> History | AZ1: LEZ26
A2: Date | B2: Close | C2: Open | D2: High | E2: Low | F2: Change | G2: Volume | H2: OpenInterest | I2: Symbol | K2: Date | L2: Close | M2: Open | N2: High | O2: Low | P2: Change | Q2: Volume | R2: OpenInterest | S2: Symbol | U2: Date | V2: Close | W2: Open | X2: High | Y2: Low | Z2: Change | AA2: Volume | AB2: OpenInterest | AC2: Symbol | AE2: Date | AF2: Close | AG2: Open | AH2: High | AI2: Low | AJ2: Change | AK2: Volume | AL2: OpenInterest | AM2: Symbol | AO2: Date | AP2: Close | AQ2: Open | AR2: High | AS2: Low | AT2: Change | AU2: Volume | AV2: OpenInterest | AW2: Symbol | AY2: Date | AZ2: Close | BA2: Open | BB2: High | BC2: Low | BD2: Change | BE2: Volume | BF2: OpenInterest | BG2: Symbol
A3: 46150 | B3: 237.45 | C3: 240.925 | D3: 241.625 | E3: 236.75 | F3: 0 | G3: 4095 | I3: LEG27 | K3: 46150 | L3: 236.825 | M3: 238.5 | N3: 241 | O3: 236.175 | P3: 0 | Q3: 1132 | S3: LEJ27 | U3: 46150 | V3: 248.9 | W3: 251.6 | X3: 253.725 | Y3: 248.7 | Z3: 0 | AA3: 32463 | AC3: LEM26 | AE3: 46150 | AF3: 244.1 | AG3: 247.275 | AH3: 249.3 | AI3: 243.95 | AJ3: 0 | AK3: 29718 | AM3: LEQ26 | AO3: 46150 | AP3: 238.3 | AQ3: 241.05 | AR3: 242.925 | AS3: 237.725 | AT3: 0 | AU3: 13679 | AW3: LEV26 | AY3: 46150 | AZ3: 237.525 | BA3: 239.975 | BB3: 242 | BC3: 236.8 | BD3: 0 | BE3: 9305 | BG3: LEZ26

Sheet Feeders Raw Data
A1: {=_xldudf_BCTS(B1:I1,B2:I2,"Aggregation=Daily","AggSize=1","AggSpec=Continue",DATE(2026,5,8),,,,"Sort=Desc","Orientation=Vertical","Roll=1","Volume=Contract","Bars=1")} -> History | B1: GFF27 | K1: {=_xldudf_BCTS(L1:S1,L2:S2,"Aggregation=Daily","AggSize=1","AggSpec=Continue",DATE(2026,5,8),,,,"Sort=Desc","Orientation=Vertical","Roll=1","Volume=Contract","Bars=1")} -> History | L1: GFH27 | U1: {=_xldudf_BCTS(V1:AC1,V2:AC2,"Aggregation=Daily","AggSize=1","AggSpec=Continue",DATE(2026,5,8),,,,"Sort=Desc","Orientation=Vertical","Roll=1","Volume=Contract","Bars=1")} -> History | V1: GFJ27 | AE1: {=_xldudf_BCTS(AF1:AM1,AF2:AM2,"Aggregation=Daily","AggSize=1","AggSpec=Continue",DATE(2026,5,8),,,,"Sort=Desc","Orientation=Vertical","Roll=1","Volume=Contract","Bars=1")} -> History | AF1: GFK26 | AO1: {=_xldudf_BCTS(AP1:AW1,AP2:AW2,"Aggregation=Daily","AggSize=1","AggSpec=Continue",DATE(2026,5,8),,,,"Sort=Desc","Orientation=Vertical","Roll=1","Volume=Contract","Bars=1")} -> History | AP1: GFQ26 | AY1: {=_xldudf_BCTS(AZ1:BG1,AZ2:BG2,"Aggregation=Daily","AggSize=1","AggSpec=Continue",DATE(2026,5,8),,,,"Sort=Desc","Orientation=Vertical","Roll=1","Volume=Contract","Bars=1")} -> History | AZ1: GFU26 | BI1: {=_xldudf_BCTS(BJ1:BQ1,BJ2:BQ2,"Aggregation=Daily","AggSize=1","AggSpec=Continue",DATE(2026,5,8),,,,"Sort=Desc","Orientation=Vertical","Roll=1","Volume=Contract","Bars=1")} -> History | BJ1: GFV26 | BS1: {=_xldudf_BCTS(BT1:CA1,BT2:CA2,"Aggregation=Daily","AggSize=1","AggSpec=Continue",DATE(2026,5,8),,,,"Sort=Desc","Orientation=Vertical","Roll=1","Volume=Contract","Bars=1")} -> History | BT1: GFX26
A2: Date | B2: Close | C2: Open | D2: High | E2: Low | F2: Change | G2: Volume | H2: OpenInterest | I2: Symbol | K2: Date | L2: Close | M2: Open | N2: High | O2: Low | P2: Change | Q2: Volume | R2: OpenInterest | S2: Symbol | U2: Date | V2: Close | W2: Open | X2: High | Y2: Low | Z2: Change | AA2: Volume | AB2: OpenInterest | AC2: Symbol | AE2: Date | AF2: Close | AG2: Open | AH2: High | AI2: Low | AJ2: Change | AK2: Volume | AL2: OpenInterest | AM2: Symbol | AO2: Date | AP2: Close | AQ2: Open | AR2: High | AS2: Low | AT2: Change | AU2: Volume | AV2: OpenInterest | AW2: Symbol | AY2: Date | AZ2: Close | BA2: Open | BB2: High | BC2: Low | BD2: Change | BE2: Volume | BF2: OpenInterest | BG2: Symbol | BI2: Date | BJ2: Close | BK2: Open | BL2: High | BM2: Low | BN2: Change | BO2: Volume | BP2: OpenInterest | BQ2: Symbol | BS2: Date | BT2: Close | BU2: Open | BV2: High | BW2: Low | BX2: Change | BY2: Volume | BZ2: OpenInterest | CA2: Symbol
A3: 46150 | B3: 350.65 | C3: 357.1 | D3: 357.7 | E3: 348.85 | F3: 0 | G3: 246 | I3: GFF27 | K3: 46150 | L3: 346.2 | M3: 349.35 | N3: 352.025 | O3: 344.475 | P3: 0 | Q3: 74 | S3: GFH27 | U3: 46150 | V3: 344.525 | W3: 343.4 | X3: 349.8 | Y3: 342.65 | Z3: 0 | AA3: 20 | AC3: GFJ27 | AE3: 46150 | AF3: 367.375 | AG3: 368.325 | AH3: 370.25 | AI3: 365.025 | AJ3: 0 | AK3: 3955 | AM3: GFK26 | AO3: 46150 | AP3: 364.225 | AQ3: 368.5 | AR3: 370.4 | AS3: 361.6 | AT3: 0 | AU3: 12055 | AW3: GFQ26 | AY3: 46150 | AZ3: 362.225 | BA3: 367.225 | BB3: 369 | BC3: 359.85 | BD3: 0 | BE3: 4208 | BG3: GFU26 | BI3: 46150 | BJ3: 359.8 | BK3: 365.525 | BL3: 366.475 | BM3: 357.6 | BN3: 0 | BO3: 1969 | BQ3: GFV26 | BS3: 46150 | BT3: 356.725 | BU3: 361.475 | BV3: 363.7 | BW3: 354.75 | BX3: 0 | BY3: 824 | CA3: GFX26

Sheet Fat Spreads
A1: LEJ - LEM (16 Years) | H1: LEM - LEQ (16 Years) | O1: LEQ - LEV (16 Years) | V1: LEV - LEZ (16 Years) | AC1: LEZ - LEG (16 Years) | AJ1: LEG - LEJ (16 Years) | AQ1: LEQ - LEZ (16 Years) | AX1: LEG - LEM (16 Years) | BE1: LEJ - LEQ (16 Years)
A2: Date | B2: Close | C2: Open | D2: High | E2: Low | F2: Spread Year | H2: Date | I2: Close | J2: Open | K2: High | L2: Low | M2: Spread Year | O2: Date | P2: Close | Q2: Open | R2: High | S2: Low | T2: Spread Year | V2: Date | W2: Close | X2: Open | Y2: High | Z2: Low | AA2: Spread Year | AC2: Date | AD2: Close | AE2: Open | AF2: High | AG2: Low | AH2: Spread Year | AJ2: Date | AK2: Close | AL2: Open | AM2: High | AN2: Low | AO2: Spread Year | AQ2: Date | AR2: Close | AS2: Open | AT2: High | AU2: Low | AV2: Spread Year | AX2: Date | AY2: Close | AZ2: Open | BA2: High | BB2: Low | BC2: Spread Year | BE2: Date | BF2: Close | BG2: Open | BH2: High | BI2: Low | BJ2: Spread Year
A3: ='Fats Raw Data'!K3 -> 46150 | B3: ='Fats Raw Data'!L3-'Fats Raw Data'!V3 -> -12.075 | C3: ='Fats Raw Data'!M3-'Fats Raw Data'!W3 -> -13.1 | D3: ='Fats Raw Data'!N3-'Fats Raw Data'!X3 -> -12.725 | E3: ='Fats Raw Data'!O3-'Fats Raw Data'!Y3 -> -12.525 | F3: ='Fats Raw Data'!S3&" - "&'Fats Raw Data'!AC3 -> LEJ27 - LEM26 | H3: ='Fats Raw Data'!U3 -> 46150 | I3: ='Fats Raw Data'!V3-'Fats Raw Data'!AF3 -> 4.8 | J3: ='Fats Raw Data'!W3-'Fats Raw Data'!AG3 -> 4.325 | K3: ='Fats Raw Data'!X3-'Fats Raw Data'!AH3 -> 4.425 | L3: ='Fats Raw Data'!Y3-'Fats Raw Data'!AI3 -> 4.75 | M3: ='Fats Raw Data'!AC3&" - "&'Fats Raw Data'!AM3 -> LEM26 - LEQ26 | O3: ='Fats Raw Data'!AE3 -> 46150 | P3: ='Fats Raw Data'!AF3-'Fats Raw Data'!AP3 -> 5.8 | Q3: ='Fats Raw Data'!AG3-'Fats Raw Data'!AQ3 -> 6.225 | R3: ='Fats Raw Data'!AH3-'Fats Raw Data'!AR3 -> 6.375 | S3: ='Fats Raw Data'!AI3-'Fats Raw Data'!AS3 -> 6.225 | T3: ='Fats Raw Data'!AM3&" - "&'Fats Raw Data'!AW3 -> LEQ26 - LEV26 | V3: ='Fats Raw Data'!AO3 -> 46150 | W3: ='Fats Raw Data'!AP3-'Fats Raw Data'!AZ3 -> 0.775 | X3: ='Fats Raw Data'!AQ3-'Fats Raw Data'!BA3 -> 1.075 | Y3: ='Fats Raw Data'!AR3-'Fats Raw Data'!BB3 -> 0.925 | Z3: ='Fats Raw Data'!AS3-'Fats Raw Data'!BC3 -> 0.925 | AA3: ='Fats Raw Data'!AW3&" - "&'Fats Raw Data'!BG3 -> LEV26 - LEZ26 | AC3: ='Fats Raw Data'!AY3 -> 46150 | AD3: ='Fats Raw Data'!AZ3-'Fats Raw Data'!B3 -> 0.075 | AE3: ='Fats Raw Data'!BA3-'Fats Raw Data'!C3 -> -0.95 | AF3: ='Fats Raw Data'!BB3-'Fats Raw Data'!D3 -> 0.375 | AG3: ='Fats Raw Data'!BC3-'Fats Raw Data'!E3 -> 0.05 | AH3: ='Fats Raw Data'!BG3&" - "&'Fats Raw Data'!I3 -> LEZ26 - LEG27 | AJ3: ='Fats Raw Data'!A3 -> 46150 | AK3: ='Fats Raw Data'!B3-'Fats Raw Data'!L3 -> 0.625 | AL3: ='Fats Raw Data'!C3-'Fats Raw Data'!M3 -> 2.425 | AM3: ='Fats Raw Data'!D3-'Fats Raw Data'!N3 -> 0.625 | AN3: ='Fats Raw Data'!E3-'Fats Raw Data'!O3 -> 0.575 | AO3: ='Fats Raw Data'!I3&" - "&'Fats Raw Data'!S3 -> LEG27 - LEJ27 | AQ3: ='Fats Raw Data'!AE3 -> 46150 | AR3: ='Fats Raw Data'!AF3-'Fats Raw Data'!AZ3 -> 6.575 | AS3: ='Fats Raw Data'!AG3-'Fats Raw Data'!BA3 -> 7.3 | AT3: ='Fats Raw Data'!AH3-'Fats Raw Data'!BB3 -> 7.3 | AU3: ='Fats Raw Data'!AI3-'Fats Raw Data'!BC3 -> 7.15 | AV3: ='Fats Raw Data'!AM3&" - "&'Fats Raw Data'!BG3 -> LEQ26 - LEZ26 | AX3: ='Fats Raw Data'!A3 -> 46150 | AY3: ='Fats Raw Data'!B3-'Fats Raw Data'!V3 -> -11.45 | AZ3: ='Fats Raw Data'!C3-'Fats Raw Data'!W3 -> -10.675 | BA3: ='Fats Raw Data'!D3-'Fats Raw Data'!X3 -> -12.1 | BB3: ='Fats Raw Data'!E3-'Fats Raw Data'!Y3 -> -11.95 | BC3: ='Fats Raw Data'!I3&" - "&'Fats Raw Data'!AC3 -> LEG27 - LEM26 | BE3: ='Fats Raw Data'!K3 -> 46150 | BF3: ='Fats Raw Data'!L3-'Fats Raw Data'!AF3 -> -7.275 | BG3: ='Fats Raw Data'!M3-'Fats Raw Data'!AG3 -> -8.775 | BH3: ='Fats Raw Data'!N3-'Fats Raw Data'!AH3 -> -8.3 | BI3: ='Fats Raw Data'!O3-'Fats Raw Data'!AI3 -> -7.775 | BJ3: ='Fats Raw Data'!S3&" - "&'Fats Raw Data'!AM3 -> LEJ27 - LEQ26
A4: ='Fats Raw Data'!K4 -> 0 | B4: ='Fats Raw Data'!L4-'Fats Raw Data'!V4 -> 0 | C4: ='Fats Raw Data'!M4-'Fats Raw Data'!W4 -> 0 | D4: ='Fats Raw Data'!N4-'Fats Raw Data'!X4 -> 0 | E4: ='Fats Raw Data'!O4-'Fats Raw Data'!Y4 -> 0 | F4: ='Fats Raw Data'!S4&" - "&'Fats Raw Data'!AC4 -> - | H4: ='Fats Raw Data'!U4 -> 0 | I4: ='Fats Raw Data'!V4-'Fats Raw Data'!AF4 -> 0 | J4: ='Fats Raw Data'!W4-'Fats Raw Data'!AG4 -> 0 | K4: ='Fats Raw Data'!X4-'Fats Raw Data'!AH4 -> 0 | L4: ='Fats Raw Data'!Y4-'Fats Raw Data'!AI4 -> 0 | M4: ='Fats Raw Data'!AC4&" - "&'Fats Raw Data'!AM4 -> - | O4: ='Fats Raw Data'!AE4 -> 0 | P4: ='Fats Raw Data'!AF4-'Fats Raw Data'!AP4 -> 0 | Q4: ='Fats Raw Data'!AG4-'Fats Raw Data'!AQ4 -> 0 | R4: ='Fats Raw Data'!AH4-'Fats Raw Data'!AR4 -> 0 | S4: ='Fats Raw Data'!AI4-'Fats Raw Data'!AS4 -> 0 | T4: ='Fats Raw Data'!AM4&" - "&'Fats Raw Data'!AW4 -> - | V4: ='Fats Raw Data'!AO4 -> 0 | W4: ='Fats Raw Data'!AP4-'Fats Raw Data'!AZ4 -> 0 | X4: ='Fats Raw Data'!AQ4-'Fats Raw Data'!BA4 -> 0 | Y4: ='Fats Raw Data'!AR4-'Fats Raw Data'!BB4 -> 0 | Z4: ='Fats Raw Data'!AS4-'Fats Raw Data'!BC4 -> 0 | AA4: ='Fats Raw Data'!AW4&" - "&'Fats Raw Data'!BG4 -> - | AC4: ='Fats Raw Data'!AY4 -> 0 | AD4: ='Fats Raw Data'!AZ4-'Fats Raw Data'!B4 -> 0 | AE4: ='Fats Raw Data'!BA4-'Fats Raw Data'!C4 -> 0 | AF4: ='Fats Raw Data'!BB4-'Fats Raw Data'!D4 -> 0 | AG4: ='Fats Raw Data'!BC4-'Fats Raw Data'!E4 -> 0 | AH4: ='Fats Raw Data'!BG4&" - "&'Fats Raw Data'!I4 -> - | AJ4: ='Fats Raw Data'!A4 -> 0 | AK4: ='Fats Raw Data'!B4-'Fats Raw Data'!L4 -> 0 | AL4: ='Fats Raw Data'!C4-'Fats Raw Data'!M4 -> 0 | AM4: ='Fats Raw Data'!D4-'Fats Raw Data'!N4 -> 0 | AN4: ='Fats Raw Data'!E4-'Fats Raw Data'!O4 -> 0 | AO4: ='Fats Raw Data'!I4&" - "&'Fats Raw Data'!S4 -> - | AQ4: ='Fats Raw Data'!AE4 -> 0 | AR4: ='Fats Raw Data'!AF4-'Fats Raw Data'!AZ4 -> 0 | AS4: ='Fats Raw Data'!AG4-'Fats Raw Data'!BA4 -> 0 | AT4: ='Fats Raw Data'!AH4-'Fats Raw Data'!BB4 -> 0 | AU4: ='Fats Raw Data'!AI4-'Fats Raw Data'!BC4 -> 0 | AV4: ='Fats Raw Data'!AM4&" - "&'Fats Raw Data'!BG4 -> - | AX4: ='Fats Raw Data'!A4 -> 0 | AY4: ='Fats Raw Data'!B4-'Fats Raw Data'!V4 -> 0 | AZ4: ='Fats Raw Data'!C4-'Fats Raw Data'!W4 -> 0 | BA4: ='Fats Raw Data'!D4-'Fats Raw Data'!X4 -> 0 | BB4: ='Fats Raw Data'!E4-'Fats Raw Data'!Y4 -> 0 | BC4: ='Fats Raw Data'!I4&" - "&'Fats Raw Data'!AC4 -> - | BE4: ='Fats Raw Data'!K4 -> 0 | BF4: ='Fats Raw Data'!L4-'Fats Raw Data'!AF4 -> 0 | BG4: ='Fats Raw Data'!M4-'Fats Raw Data'!AG4 -> 0 | BH4: ='Fats Raw Data'!N4-'Fats Raw Data'!AH4 -> 0 | BI4: ='Fats Raw Data'!O4-'Fats Raw Data'!AI4 -> 0 | BJ4: ='Fats Raw Data'!S4&" - "&'Fats Raw Data'!AM4 -> -
A5: ='Fats Raw Data'!K5 -> 0 | B5: ='Fats Raw Data'!L5-'Fats Raw Data'!V5 -> 0 | C5: ='Fats Raw Data'!M5-'Fats Raw Data'!W5 -> 0 | D5: ='Fats Raw Data'!N5-'Fats Raw Data'!X5 -> 0 | E5: ='Fats Raw Data'!O5-'Fats Raw Data'!Y5 -> 0 | F5: ='Fats Raw Data'!S5&" - "&'Fats Raw Data'!AC5 -> - | H5: ='Fats Raw Data'!U5 -> 0 | I5: ='Fats Raw Data'!V5-'Fats Raw Data'!AF5 -> 0 | J5: ='Fats Raw Data'!W5-'Fats Raw Data'!AG5 -> 0 | K5: ='Fats Raw Data'!X5-'Fats Raw Data'!AH5 -> 0 | L5: ='Fats Raw Data'!Y5-'Fats Raw Data'!AI5 -> 0 | M5: ='Fats Raw Data'!AC5&" - "&'Fats Raw Data'!AM5 -> - | O5: ='Fats Raw Data'!AE5 -> 0 | P5: ='Fats Raw Data'!AF5-'Fats Raw Data'!AP5 -> 0 | Q5: ='Fats Raw Data'!AG5-'Fats Raw Data'!AQ5 -> 0 | R5: ='Fats Raw Data'!AH5-'Fats Raw Data'!AR5 -> 0 | S5: ='Fats Raw Data'!AI5-'Fats Raw Data'!AS5 -> 0 | T5: ='Fats Raw Data'!AM5&" - "&'Fats Raw Data'!AW5 -> - | V5: ='Fats Raw Data'!AO5 -> 0 | W5: ='Fats Raw Data'!AP5-'Fats Raw Data'!AZ5 -> 0 | X5: ='Fats Raw Data'!AQ5-'Fats Raw Data'!BA5 -> 0 | Y5: ='Fats Raw Data'!AR5-'Fats Raw Data'!BB5 -> 0 | Z5: ='Fats Raw Data'!AS5-'Fats Raw Data'!BC5 -> 0 | AA5: ='Fats Raw Data'!AW5&" - "&'Fats Raw Data'!BG5 -> - | AC5: ='Fats Raw Data'!AY5 -> 0 | AD5: ='Fats Raw Data'!AZ5-'Fats Raw Data'!B5 -> 0 | AE5: ='Fats Raw Data'!BA5-'Fats Raw Data'!C5 -> 0 | AF5: ='Fats Raw Data'!BB5-'Fats Raw Data'!D5 -> 0 | AG5: ='Fats Raw Data'!BC5-'Fats Raw Data'!E5 -> 0 | AH5: ='Fats Raw Data'!BG5&" - "&'Fats Raw Data'!I5 -> - | AJ5: ='Fats Raw Data'!A5 -> 0 | AK5: ='Fats Raw Data'!B5-'Fats Raw Data'!L5 -> 0 | AL5: ='Fats Raw Data'!C5-'Fats Raw Data'!M5 -> 0 | AM5: ='Fats Raw Data'!D5-'Fats Raw Data'!N5 -> 0 | AN5: ='Fats Raw Data'!E5-'Fats Raw Data'!O5 -> 0 | AO5: ='Fats Raw Data'!I5&" - "&'Fats Raw Data'!S5 -> - | AQ5: ='Fats Raw Data'!AE5 -> 0 | AR5: ='Fats Raw Data'!AF5-'Fats Raw Data'!AZ5 -> 0 | AS5: ='Fats Raw Data'!AG5-'Fats Raw Data'!BA5 -> 0 | AT5: ='Fats Raw Data'!AH5-'Fats Raw Data'!BB5 -> 0 | AU5: ='Fats Raw Data'!AI5-'Fats Raw Data'!BC5 -> 0 | AV5: ='Fats Raw Data'!AM5&" - "&'Fats Raw Data'!BG5 -> - | AX5: ='Fats Raw Data'!A5 -> 0 | AY5: ='Fats Raw Data'!B5-'Fats Raw Data'!V5 -> 0 | AZ5: ='Fats Raw Data'!C5-'Fats Raw Data'!W5 -> 0 | BA5: ='Fats Raw Data'!D5-'Fats Raw Data'!X5 -> 0 | BB5: ='Fats Raw Data'!E5-'Fats Raw Data'!Y5 -> 0 | BC5: ='Fats Raw Data'!I5&" - "&'Fats Raw Data'!AC5 -> - | BE5: ='Fats Raw Data'!K5 -> 0 | BF5: ='Fats Raw Data'!L5-'Fats Raw Data'!AF5 -> 0 | BG5: ='Fats Raw Data'!M5-'Fats Raw Data'!AG5 -> 0 | BH5: ='Fats Raw Data'!N5-'Fats Raw Data'!AH5 -> 0 | BI5: ='Fats Raw Data'!O5-'Fats Raw Data'!AI5 -> 0 | BJ5: ='Fats Raw Data'!S5&" - "&'Fats Raw Data'!AM5 -> -
A6: ='Fats Raw Data'!K6 -> 0 | B6: ='Fats Raw Data'!L6-'Fats Raw Data'!V6 -> 0 | C6: ='Fats Raw Data'!M6-'Fats Raw Data'!W6 -> 0 | D6: ='Fats Raw Data'!N6-'Fats Raw Data'!X6 -> 0 | E6: ='Fats Raw Data'!O6-'Fats Raw Data'!Y6 -> 0 | F6: ='Fats Raw Data'!S6&" - "&'Fats Raw Data'!AC6 -> - | H6: ='Fats Raw Data'!U6 -> 0 | I6: ='Fats Raw Data'!V6-'Fats Raw Data'!AF6 -> 0 | J6: ='Fats Raw Data'!W6-'Fats Raw Data'!AG6 -> 0 | K6: ='Fats Raw Data'!X6-'Fats Raw Data'!AH6 -> 0 | L6: ='Fats Raw Data'!Y6-'Fats Raw Data'!AI6 -> 0 | M6: ='Fats Raw Data'!AC6&" - "&'Fats Raw Data'!AM6 -> - | O6: ='Fats Raw Data'!AE6 -> 0 | P6: ='Fats Raw Data'!AF6-'Fats Raw Data'!AP6 -> 0 | Q6: ='Fats Raw Data'!AG6-'Fats Raw Data'!AQ6 -> 0 | R6: ='Fats Raw Data'!AH6-'Fats Raw Data'!AR6 -> 0 | S6: ='Fats Raw Data'!AI6-'Fats Raw Data'!AS6 -> 0 | T6: ='Fats Raw Data'!AM6&" - "&'Fats Raw Data'!AW6 -> - | V6: ='Fats Raw Data'!AO6 -> 0 | W6: ='Fats Raw Data'!AP6-'Fats Raw Data'!AZ6 -> 0 | X6: ='Fats Raw Data'!AQ6-'Fats Raw Data'!BA6 -> 0 | Y6: ='Fats Raw Data'!AR6-'Fats Raw Data'!BB6 -> 0 | Z6: ='Fats Raw Data'!AS6-'Fats Raw Data'!BC6 -> 0 | AA6: ='Fats Raw Data'!AW6&" - "&'Fats Raw Data'!BG6 -> - | AC6: ='Fats Raw Data'!AY6 -> 0 | AD6: ='Fats Raw Data'!AZ6-'Fats Raw Data'!B6 -> 0 | AE6: ='Fats Raw Data'!BA6-'Fats Raw Data'!C6 -> 0 | AF6: ='Fats Raw Data'!BB6-'Fats Raw Data'!D6 -> 0 | AG6: ='Fats Raw Data'!BC6-'Fats Raw Data'!E6 -> 0 | AH6: ='Fats Raw Data'!BG6&" - "&'Fats Raw Data'!I6 -> - | AJ6: ='Fats Raw Data'!A6 -> 0 | AK6: ='Fats Raw Data'!B6-'Fats Raw Data'!L6 -> 0 | AL6: ='Fats Raw Data'!C6-'Fats Raw Data'!M6 -> 0 | AM6: ='Fats Raw Data'!D6-'Fats Raw Data'!N6 -> 0 | AN6: ='Fats Raw Data'!E6-'Fats Raw Data'!O6 -> 0 | AO6: ='Fats Raw Data'!I6&" - "&'Fats Raw Data'!S6 -> - | AQ6: ='Fats Raw Data'!AE6 -> 0 | AR6: ='Fats Raw Data'!AF6-'Fats Raw Data'!AZ6 -> 0 | AS6: ='Fats Raw Data'!AG6-'Fats Raw Data'!BA6 -> 0 | AT6: ='Fats Raw Data'!AH6-'Fats Raw Data'!BB6 -> 0 | AU6: ='Fats Raw Data'!AI6-'Fats Raw Data'!BC6 -> 0 | AV6: ='Fats Raw Data'!AM6&" - "&'Fats Raw Data'!BG6 -> - | AX6: ='Fats Raw Data'!A6 -> 0 | AY6: ='Fats Raw Data'!B6-'Fats Raw Data'!V6 -> 0 | AZ6: ='Fats Raw Data'!C6-'Fats Raw Data'!W6 -> 0 | BA6: ='Fats Raw Data'!D6-'Fats Raw Data'!X6 -> 0 | BB6: ='Fats Raw Data'!E6-'Fats Raw Data'!Y6 -> 0 | BC6: ='Fats Raw Data'!I6&" - "&'Fats Raw Data'!AC6 -> - | BE6: ='Fats Raw Data'!K6 -> 0 | BF6: ='Fats Raw Data'!L6-'Fats Raw Data'!AF6 -> 0 | BG6: ='Fats Raw Data'!M6-'Fats Raw Data'!AG6 -> 0 | BH6: ='Fats Raw Data'!N6-'Fats Raw Data'!AH6 -> 0 | BI6: ='Fats Raw Data'!O6-'Fats Raw Data'!AI6 -> 0 | BJ6: ='Fats Raw Data'!S6&" - "&'Fats Raw Data'!AM6 -> -
A7: ='Fats Raw Data'!K7 -> 0 | B7: ='Fats Raw Data'!L7-'Fats Raw Data'!V7 -> 0 | C7: ='Fats Raw Data'!M7-'Fats Raw Data'!W7 -> 0 | D7: ='Fats Raw Data'!N7-'Fats Raw Data'!X7 -> 0 | E7: ='Fats Raw Data'!O7-'Fats Raw Data'!Y7 -> 0 | F7: ='Fats Raw Data'!S7&" - "&'Fats Raw Data'!AC7 -> - | H7: ='Fats Raw Data'!U7 -> 0 | I7: ='Fats Raw Data'!V7-'Fats Raw Data'!AF7 -> 0 | J7: ='Fats Raw Data'!W7-'Fats Raw Data'!AG7 -> 0 | K7: ='Fats Raw Data'!X7-'Fats Raw Data'!AH7 -> 0 | L7: ='Fats Raw Data'!Y7-'Fats Raw Data'!AI7 -> 0 | M7: ='Fats Raw Data'!AC7&" - "&'Fats Raw Data'!AM7 -> - | O7: ='Fats Raw Data'!AE7 -> 0 | P7: ='Fats Raw Data'!AF7-'Fats Raw Data'!AP7 -> 0 | Q7: ='Fats Raw Data'!AG7-'Fats Raw Data'!AQ7 -> 0 | R7: ='Fats Raw Data'!AH7-'Fats Raw Data'!AR7 -> 0 | S7: ='Fats Raw Data'!AI7-'Fats Raw Data'!AS7 -> 0 | T7: ='Fats Raw Data'!AM7&" - "&'Fats Raw Data'!AW7 -> - | V7: ='Fats Raw Data'!AO7 -> 0 | W7: ='Fats Raw Data'!AP7-'Fats Raw Data'!AZ7 -> 0 | X7: ='Fats Raw Data'!AQ7-'Fats Raw Data'!BA7 -> 0 | Y7: ='Fats Raw Data'!AR7-'Fats Raw Data'!BB7 -> 0 | Z7: ='Fats Raw Data'!AS7-'Fats Raw Data'!BC7 -> 0 | AA7: ='Fats Raw Data'!AW7&" - "&'Fats Raw Data'!BG7 -> - | AC7: ='Fats Raw Data'!AY7 -> 0 | AD7: ='Fats Raw Data'!AZ7-'Fats Raw Data'!B7 -> 0 | AE7: ='Fats Raw Data'!BA7-'Fats Raw Data'!C7 -> 0 | AF7: ='Fats Raw Data'!BB7-'Fats Raw Data'!D7 -> 0 | AG7: ='Fats Raw Data'!BC7-'Fats Raw Data'!E7 -> 0 | AH7: ='Fats Raw Data'!BG7&" - "&'Fats Raw Data'!I7 -> - | AJ7: ='Fats Raw Data'!A7 -> 0 | AK7: ='Fats Raw Data'!B7-'Fats Raw Data'!L7 -> 0 | AL7: ='Fats Raw Data'!C7-'Fats Raw Data'!M7 -> 0 | AM7: ='Fats Raw Data'!D7-'Fats Raw Data'!N7 -> 0 | AN7: ='Fats Raw Data'!E7-'Fats Raw Data'!O7 -> 0 | AO7: ='Fats Raw Data'!I7&" - "&'Fats Raw Data'!S7 -> - | AQ7: ='Fats Raw Data'!AE7 -> 0 | AR7: ='Fats Raw Data'!AF7-'Fats Raw Data'!AZ7 -> 0 | AS7: ='Fats Raw Data'!AG7-'Fats Raw Data'!BA7 -> 0 | AT7: ='Fats Raw Data'!AH7-'Fats Raw Data'!BB7 -> 0 | AU7: ='Fats Raw Data'!AI7-'Fats Raw Data'!BC7 -> 0 | AV7: ='Fats Raw Data'!AM7&" - "&'Fats Raw Data'!BG7 -> - | AX7: ='Fats Raw Data'!A7 -> 0 | AY7: ='Fats Raw Data'!B7-'Fats Raw Data'!V7 -> 0 | AZ7: ='Fats Raw Data'!C7-'Fats Raw Data'!W7 -> 0 | BA7: ='Fats Raw Data'!D7-'Fats Raw Data'!X7 -> 0 | BB7: ='Fats Raw Data'!E7-'Fats Raw Data'!Y7 -> 0 | BC7: ='Fats Raw Data'!I7&" - "&'Fats Raw Data'!AC7 -> - | BE7: ='Fats Raw Data'!K7 -> 0 | BF7: ='Fats Raw Data'!L7-'Fats Raw Data'!AF7 -> 0 | BG7: ='Fats Raw Data'!M7-'Fats Raw Data'!AG7 -> 0 | BH7: ='Fats Raw Data'!N7-'Fats Raw Data'!AH7 -> 0 | BI7: ='Fats Raw Data'!O7-'Fats Raw Data'!AI7 -> 0 | BJ7: ='Fats Raw Data'!S7&" - "&'Fats Raw Data'!AM7 -> -
A8: ='Fats Raw Data'!K8 -> 0 | B8: ='Fats Raw Data'!L8-'Fats Raw Data'!V8 -> 0 | C8: ='Fats Raw Data'!M8-'Fats Raw Data'!W8 -> 0 | D8: ='Fats Raw Data'!N8-'Fats Raw Data'!X8 -> 0 | E8: ='Fats Raw Data'!O8-'Fats Raw Data'!Y8 -> 0 | F8: ='Fats Raw Data'!S8&" - "&'Fats Raw Data'!AC8 -> - | H8: ='Fats Raw Data'!U8 -> 0 | I8: ='Fats Raw Data'!V8-'Fats Raw Data'!AF8 -> 0 | J8: ='Fats Raw Data'!W8-'Fats Raw Data'!AG8 -> 0 | K8: ='Fats Raw Data'!X8-'Fats Raw Data'!AH8 -> 0 | L8: ='Fats Raw Data'!Y8-'Fats Raw Data'!AI8 -> 0 | M8: ='Fats Raw Data'!AC8&" - "&'Fats Raw Data'!AM8 -> - | O8: ='Fats Raw Data'!AE8 -> 0 | P8: ='Fats Raw Data'!AF8-'Fats Raw Data'!AP8 -> 0 | Q8: ='Fats Raw Data'!AG8-'Fats Raw Data'!AQ8 -> 0 | R8: ='Fats Raw Data'!AH8-'Fats Raw Data'!AR8 -> 0 | S8: ='Fats Raw Data'!AI8-'Fats Raw Data'!AS8 -> 0 | T8: ='Fats Raw Data'!AM8&" - "&'Fats Raw Data'!AW8 -> - | V8: ='Fats Raw Data'!AO8 -> 0 | W8: ='Fats Raw Data'!AP8-'Fats Raw Data'!AZ8 -> 0 | X8: ='Fats Raw Data'!AQ8-'Fats Raw Data'!BA8 -> 0 | Y8: ='Fats Raw Data'!AR8-'Fats Raw Data'!BB8 -> 0 | Z8: ='Fats Raw Data'!AS8-'Fats Raw Data'!BC8 -> 0 | AA8: ='Fats Raw Data'!AW8&" - "&'Fats Raw Data'!BG8 -> - | AC8: ='Fats Raw Data'!AY8 -> 0 | AD8: ='Fats Raw Data'!AZ8-'Fats Raw Data'!B8 -> 0 | AE8: ='Fats Raw Data'!BA8-'Fats Raw Data'!C8 -> 0 | AF8: ='Fats Raw Data'!BB8-'Fats Raw Data'!D8 -> 0 | AG8: ='Fats Raw Data'!BC8-'Fats Raw Data'!E8 -> 0 | AH8: ='Fats Raw Data'!BG8&" - "&'Fats Raw Data'!I8 -> - | AJ8: ='Fats Raw Data'!A8 -> 0 | AK8: ='Fats Raw Data'!B8-'Fats Raw Data'!L8 -> 0 | AL8: ='Fats Raw Data'!C8-'Fats Raw Data'!M8 -> 0 | AM8: ='Fats Raw Data'!D8-'Fats Raw Data'!N8 -> 0 | AN8: ='Fats Raw Data'!E8-'Fats Raw Data'!O8 -> 0 | AO8: ='Fats Raw Data'!I8&" - "&'Fats Raw Data'!S8 -> - | AQ8: ='Fats Raw Data'!AE8 -> 0 | AR8: ='Fats Raw Data'!AF8-'Fats Raw Data'!AZ8 -> 0 | AS8: ='Fats Raw Data'!AG8-'Fats Raw Data'!BA8 -> 0 | AT8: ='Fats Raw Data'!AH8-'Fats Raw Data'!BB8 -> 0 | AU8: ='Fats Raw Data'!AI8-'Fats Raw Data'!BC8 -> 0 | AV8: ='Fats Raw Data'!AM8&" - "&'Fats Raw Data'!BG8 -> - | AX8: ='Fats Raw Data'!A8 -> 0 | AY8: ='Fats Raw Data'!B8-'Fats Raw Data'!V8 -> 0 | AZ8: ='Fats Raw Data'!C8-'Fats Raw Data'!W8 -> 0 | BA8: ='Fats Raw Data'!D8-'Fats Raw Data'!X8 -> 0 | BB8: ='Fats Raw Data'!E8-'Fats Raw Data'!Y8 -> 0 | BC8: ='Fats Raw Data'!I8&" - "&'Fats Raw Data'!AC8 -> - | BE8: ='Fats Raw Data'!K8 -> 0 | BF8: ='Fats Raw Data'!L8-'Fats Raw Data'!AF8 -> 0 | BG8: ='Fats Raw Data'!M8-'Fats Raw Data'!AG8 -> 0 | BH8: ='Fats Raw Data'!N8-'Fats Raw Data'!AH8 -> 0 | BI8: ='Fats Raw Data'!O8-'Fats Raw Data'!AI8 -> 0 | BJ8: ='Fats Raw Data'!S8&" - "&'Fats Raw Data'!AM8 -> -
A9: ='Fats Raw Data'!K9 -> 0 | B9: ='Fats Raw Data'!L9-'Fats Raw Data'!V9 -> 0 | C9: ='Fats Raw Data'!M9-'Fats Raw Data'!W9 -> 0 | D9: ='Fats Raw Data'!N9-'Fats Raw Data'!X9 -> 0 | E9: ='Fats Raw Data'!O9-'Fats Raw Data'!Y9 -> 0 | F9: ='Fats Raw Data'!S9&" - "&'Fats Raw Data'!AC9 -> - | H9: ='Fats Raw Data'!U9 -> 0 | I9: ='Fats Raw Data'!V9-'Fats Raw Data'!AF9 -> 0 | J9: ='Fats Raw Data'!W9-'Fats Raw Data'!AG9 -> 0 | K9: ='Fats Raw Data'!X9-'Fats Raw Data'!AH9 -> 0 | L9: ='Fats Raw Data'!Y9-'Fats Raw Data'!AI9 -> 0 | M9: ='Fats Raw Data'!AC9&" - "&'Fats Raw Data'!AM9 -> - | O9: ='Fats Raw Data'!AE9 -> 0 | P9: ='Fats Raw Data'!AF9-'Fats Raw Data'!AP9 -> 0 | Q9: ='Fats Raw Data'!AG9-'Fats Raw Data'!AQ9 -> 0 | R9: ='Fats Raw Data'!AH9-'Fats Raw Data'!AR9 -> 0 | S9: ='Fats Raw Data'!AI9-'Fats Raw Data'!AS9 -> 0 | T9: ='Fats Raw Data'!AM9&" - "&'Fats Raw Data'!AW9 -> - | V9: ='Fats Raw Data'!AO9 -> 0 | W9: ='Fats Raw Data'!AP9-'Fats Raw Data'!AZ9 -> 0 | X9: ='Fats Raw Data'!AQ9-'Fats Raw Data'!BA9 -> 0 | Y9: ='Fats Raw Data'!AR9-'Fats Raw Data'!BB9 -> 0 | Z9: ='Fats Raw Data'!AS9-'Fats Raw Data'!BC9 -> 0 | AA9: ='Fats Raw Data'!AW9&" - "&'Fats Raw Data'!BG9 -> - | AC9: ='Fats Raw Data'!AY9 -> 0 | AD9: ='Fats Raw Data'!AZ9-'Fats Raw Data'!B9 -> 0 | AE9: ='Fats Raw Data'!BA9-'Fats Raw Data'!C9 -> 0 | AF9: ='Fats Raw Data'!BB9-'Fats Raw Data'!D9 -> 0 | AG9: ='Fats Raw Data'!BC9-'Fats Raw Data'!E9 -> 0 | AH9: ='Fats Raw Data'!BG9&" - "&'Fats Raw Data'!I9 -> - | AJ9: ='Fats Raw Data'!A9 -> 0 | AK9: ='Fats Raw Data'!B9-'Fats Raw Data'!L9 -> 0 | AL9: ='Fats Raw Data'!C9-'Fats Raw Data'!M9 -> 0 | AM9: ='Fats Raw Data'!D9-'Fats Raw Data'!N9 -> 0 | AN9: ='Fats Raw Data'!E9-'Fats Raw Data'!O9 -> 0 | AO9: ='Fats Raw Data'!I9&" - "&'Fats Raw Data'!S9 -> - | AQ9: ='Fats Raw Data'!AE9 -> 0 | AR9: ='Fats Raw Data'!AF9-'Fats Raw Data'!AZ9 -> 0 | AS9: ='Fats Raw Data'!AG9-'Fats Raw Data'!BA9 -> 0 | AT9: ='Fats Raw Data'!AH9-'Fats Raw Data'!BB9 -> 0 | AU9: ='Fats Raw Data'!AI9-'Fats Raw Data'!BC9 -> 0 | AV9: ='Fats Raw Data'!AM9&" - "&'Fats Raw Data'!BG9 -> - | AX9: ='Fats Raw Data'!A9 -> 0 | AY9: ='Fats Raw Data'!B9-'Fats Raw Data'!V9 -> 0 | AZ9: ='Fats Raw Data'!C9-'Fats Raw Data'!W9 -> 0 | BA9: ='Fats Raw Data'!D9-'Fats Raw Data'!X9 -> 0 | BB9: ='Fats Raw Data'!E9-'Fats Raw Data'!Y9 -> 0 | BC9: ='Fats Raw Data'!I9&" - "&'Fats Raw Data'!AC9 -> - | BE9: ='Fats Raw Data'!K9 -> 0 | BF9: ='Fats Raw Data'!L9-'Fats Raw Data'!AF9 -> 0 | BG9: ='Fats Raw Data'!M9-'Fats Raw Data'!AG9 -> 0 | BH9: ='Fats Raw Data'!N9-'Fats Raw Data'!AH9 -> 0 | BI9: ='Fats Raw Data'!O9-'Fats Raw Data'!AI9 -> 0 | BJ9: ='Fats Raw Data'!S9&" - "&'Fats Raw Data'!AM9 -> -
A10: ='Fats Raw Data'!K10 -> 0 | B10: ='Fats Raw Data'!L10-'Fats Raw Data'!V10 -> 0 | C10: ='Fats Raw Data'!M10-'Fats Raw Data'!W10 -> 0 | D10: ='Fats Raw Data'!N10-'Fats Raw Data'!X10 -> 0 | E10: ='Fats Raw Data'!O10-'Fats Raw Data'!Y10 -> 0 | F10: ='Fats Raw Data'!S10&" - "&'Fats Raw Data'!AC10 -> - | H10: ='Fats Raw Data'!U10 -> 0 | I10: ='Fats Raw Data'!V10-'Fats Raw Data'!AF10 -> 0 | J10: ='Fats Raw Data'!W10-'Fats Raw Data'!AG10 -> 0 | K10: ='Fats Raw Data'!X10-'Fats Raw Data'!AH10 -> 0 | L10: ='Fats Raw Data'!Y10-'Fats Raw Data'!AI10 -> 0 | M10: ='Fats Raw Data'!AC10&" - "&'Fats Raw Data'!AM10 -> - | O10: ='Fats Raw Data'!AE10 -> 0 | P10: ='Fats Raw Data'!AF10-'Fats Raw Data'!AP10 -> 0 | Q10: ='Fats Raw Data'!AG10-'Fats Raw Data'!AQ10 -> 0 | R10: ='Fats Raw Data'!AH10-'Fats Raw Data'!AR10 -> 0 | S10: ='Fats Raw Data'!AI10-'Fats Raw Data'!AS10 -> 0 | T10: ='Fats Raw Data'!AM10&" - "&'Fats Raw Data'!AW10 -> - | V10: ='Fats Raw Data'!AO10 -> 0 | W10: ='Fats Raw Data'!AP10-'Fats Raw Data'!AZ10 -> 0 | X10: ='Fats Raw Data'!AQ10-'Fats Raw Data'!BA10 -> 0 | Y10: ='Fats Raw Data'!AR10-'Fats Raw Data'!BB10 -> 0 | Z10: ='Fats Raw Data'!AS10-'Fats Raw Data'!BC10 -> 0 | AA10: ='Fats Raw Data'!AW10&" - "&'Fats Raw Data'!BG10 -> - | AC10: ='Fats Raw Data'!AY10 -> 0 | AD10: ='Fats Raw Data'!AZ10-'Fats Raw Data'!B10 -> 0 | AE10: ='Fats Raw Data'!BA10-'Fats Raw Data'!C10 -> 0 | AF10: ='Fats Raw Data'!BB10-'Fats Raw Data'!D10 -> 0 | AG10: ='Fats Raw Data'!BC10-'Fats Raw Data'!E10 -> 0 | AH10: ='Fats Raw Data'!BG10&" - "&'Fats Raw Data'!I10 -> - | AJ10: ='Fats Raw Data'!A10 -> 0 | AK10: ='Fats Raw Data'!B10-'Fats Raw Data'!L10 -> 0 | AL10: ='Fats Raw Data'!C10-'Fats Raw Data'!M10 -> 0 | AM10: ='Fats Raw Data'!D10-'Fats Raw Data'!N10 -> 0 | AN10: ='Fats Raw Data'!E10-'Fats Raw Data'!O10 -> 0 | AO10: ='Fats Raw Data'!I10&" - "&'Fats Raw Data'!S10 -> - | AQ10: ='Fats Raw Data'!AE10 -> 0 | AR10: ='Fats Raw Data'!AF10-'Fats Raw Data'!AZ10 -> 0 | AS10: ='Fats Raw Data'!AG10-'Fats Raw Data'!BA10 -> 0 | AT10: ='Fats Raw Data'!AH10-'Fats Raw Data'!BB10 -> 0 | AU10: ='Fats Raw Data'!AI10-'Fats Raw Data'!BC10 -> 0 | AV10: ='Fats Raw Data'!AM10&" - "&'Fats Raw Data'!BG10 -> - | AX10: ='Fats Raw Data'!A10 -> 0 | AY10: ='Fats Raw Data'!B10-'Fats Raw Data'!V10 -> 0 | AZ10: ='Fats Raw Data'!C10-'Fats Raw Data'!W10 -> 0 | BA10: ='Fats Raw Data'!D10-'Fats Raw Data'!X10 -> 0 | BB10: ='Fats Raw Data'!E10-'Fats Raw Data'!Y10 -> 0 | BC10: ='Fats Raw Data'!I10&" - "&'Fats Raw Data'!AC10 -> - | BE10: ='Fats Raw Data'!K10 -> 0 | BF10: ='Fats Raw Data'!L10-'Fats Raw Data'!AF10 -> 0 | BG10: ='Fats Raw Data'!M10-'Fats Raw Data'!AG10 -> 0 | BH10: ='Fats Raw Data'!N10-'Fats Raw Data'!AH10 -> 0 | BI10: ='Fats Raw Data'!O10-'Fats Raw Data'!AI10 -> 0 | BJ10: ='Fats Raw Data'!S10&" - "&'Fats Raw Data'!AM10 -> -
A11: ='Fats Raw Data'!K11 -> 0 | B11: ='Fats Raw Data'!L11-'Fats Raw Data'!V11 -> 0 | C11: ='Fats Raw Data'!M11-'Fats Raw Data'!W11 -> 0 | D11: ='Fats Raw Data'!N11-'Fats Raw Data'!X11 -> 0 | E11: ='Fats Raw Data'!O11-'Fats Raw Data'!Y11 -> 0 | F11: ='Fats Raw Data'!S11&" - "&'Fats Raw Data'!AC11 -> - | H11: ='Fats Raw Data'!U11 -> 0 | I11: ='Fats Raw Data'!V11-'Fats Raw Data'!AF11 -> 0 | J11: ='Fats Raw Data'!W11-'Fats Raw Data'!AG11 -> 0 | K11: ='Fats Raw Data'!X11-'Fats Raw Data'!AH11 -> 0 | L11: ='Fats Raw Data'!Y11-'Fats Raw Data'!AI11 -> 0 | M11: ='Fats Raw Data'!AC11&" - "&'Fats Raw Data'!AM11 -> - | O11: ='Fats Raw Data'!AE11 -> 0 | P11: ='Fats Raw Data'!AF11-'Fats Raw Data'!AP11 -> 0 | Q11: ='Fats Raw Data'!AG11-'Fats Raw Data'!AQ11 -> 0 | R11: ='Fats Raw Data'!AH11-'Fats Raw Data'!AR11 -> 0 | S11: ='Fats Raw Data'!AI11-'Fats Raw Data'!AS11 -> 0 | T11: ='Fats Raw Data'!AM11&" - "&'Fats Raw Data'!AW11 -> - | V11: ='Fats Raw Data'!AO11 -> 0 | W11: ='Fats Raw Data'!AP11-'Fats Raw Data'!AZ11 -> 0 | X11: ='Fats Raw Data'!AQ11-'Fats Raw Data'!BA11 -> 0 | Y11: ='Fats Raw Data'!AR11-'Fats Raw Data'!BB11 -> 0 | Z11: ='Fats Raw Data'!AS11-'Fats Raw Data'!BC11 -> 0 | AA11: ='Fats Raw Data'!AW11&" - "&'Fats Raw Data'!BG11 -> - | AC11: ='Fats Raw Data'!AY11 -> 0 | AD11: ='Fats Raw Data'!AZ11-'Fats Raw Data'!B11 -> 0 | AE11: ='Fats Raw Data'!BA11-'Fats Raw Data'!C11 -> 0 | AF11: ='Fats Raw Data'!BB11-'Fats Raw Data'!D11 -> 0 | AG11: ='Fats Raw Data'!BC11-'Fats Raw Data'!E11 -> 0 | AH11: ='Fats Raw Data'!BG11&" - "&'Fats Raw Data'!I11 -> - | AJ11: ='Fats Raw Data'!A11 -> 0 | AK11: ='Fats Raw Data'!B11-'Fats Raw Data'!L11 -> 0 | AL11: ='Fats Raw Data'!C11-'Fats Raw Data'!M11 -> 0 | AM11: ='Fats Raw Data'!D11-'Fats Raw Data'!N11 -> 0 | AN11: ='Fats Raw Data'!E11-'Fats Raw Data'!O11 -> 0 | AO11: ='Fats Raw Data'!I11&" - "&'Fats Raw Data'!S11 -> - | AQ11: ='Fats Raw Data'!AE11 -> 0 | AR11: ='Fats Raw Data'!AF11-'Fats Raw Data'!AZ11 -> 0 | AS11: ='Fats Raw Data'!AG11-'Fats Raw Data'!BA11 -> 0 | AT11: ='Fats Raw Data'!AH11-'Fats Raw Data'!BB11 -> 0 | AU11: ='Fats Raw Data'!AI11-'Fats Raw Data'!BC11 -> 0 | AV11: ='Fats Raw Data'!AM11&" - "&'Fats Raw Data'!BG11 -> - | AX11: ='Fats Raw Data'!A11 -> 0 | AY11: ='Fats Raw Data'!B11-'Fats Raw Data'!V11 -> 0 | AZ11: ='Fats Raw Data'!C11-'Fats Raw Data'!W11 -> 0 | BA11: ='Fats Raw Data'!D11-'Fats Raw Data'!X11 -> 0 | BB11: ='Fats Raw Data'!E11-'Fats Raw Data'!Y11 -> 0 | BC11: ='Fats Raw Data'!I11&" - "&'Fats Raw Data'!AC11 -> - | BE11: ='Fats Raw Data'!K11 -> 0 | BF11: ='Fats Raw Data'!L11-'Fats Raw Data'!AF11 -> 0 | BG11: ='Fats Raw Data'!M11-'Fats Raw Data'!AG11 -> 0 | BH11: ='Fats Raw Data'!N11-'Fats Raw Data'!AH11 -> 0 | BI11: ='Fats Raw Data'!O11-'Fats Raw Data'!AI11 -> 0 | BJ11: ='Fats Raw Data'!S11&" - "&'Fats Raw Data'!AM11 -> -
A12: ='Fats Raw Data'!K12 -> 0 | B12: ='Fats Raw Data'!L12-'Fats Raw Data'!V12 -> 0 | C12: ='Fats Raw Data'!M12-'Fats Raw Data'!W12 -> 0 | D12: ='Fats Raw Data'!N12-'Fats Raw Data'!X12 -> 0 | E12: ='Fats Raw Data'!O12-'Fats Raw Data'!Y12 -> 0 | F12: ='Fats Raw Data'!S12&" - "&'Fats Raw Data'!AC12 -> - | H12: ='Fats Raw Data'!U12 -> 0 | I12: ='Fats Raw Data'!V12-'Fats Raw Data'!AF12 -> 0 | J12: ='Fats Raw Data'!W12-'Fats Raw Data'!AG12 -> 0 | K12: ='Fats Raw Data'!X12-'Fats Raw Data'!AH12 -> 0 | L12: ='Fats Raw Data'!Y12-'Fats Raw Data'!AI12 -> 0 | M12: ='Fats Raw Data'!AC12&" - "&'Fats Raw Data'!AM12 -> - | O12: ='Fats Raw Data'!AE12 -> 0 | P12: ='Fats Raw Data'!AF12-'Fats Raw Data'!AP12 -> 0 | Q12: ='Fats Raw Data'!AG12-'Fats Raw Data'!AQ12 -> 0 | R12: ='Fats Raw Data'!AH12-'Fats Raw Data'!AR12 -> 0 | S12: ='Fats Raw Data'!AI12-'Fats Raw Data'!AS12 -> 0 | T12: ='Fats Raw Data'!AM12&" - "&'Fats Raw Data'!AW12 -> - | V12: ='Fats Raw Data'!AO12 -> 0 | W12: ='Fats Raw Data'!AP12-'Fats Raw Data'!AZ12 -> 0 | X12: ='Fats Raw Data'!AQ12-'Fats Raw Data'!BA12 -> 0 | Y12: ='Fats Raw Data'!AR12-'Fats Raw Data'!BB12 -> 0 | Z12: ='Fats Raw Data'!AS12-'Fats Raw Data'!BC12 -> 0 | AA12: ='Fats Raw Data'!AW12&" - "&'Fats Raw Data'!BG12 -> - | AC12: ='Fats Raw Data'!AY12 -> 0 | AD12: ='Fats Raw Data'!AZ12-'Fats Raw Data'!B12 -> 0 | AE12: ='Fats Raw Data'!BA12-'Fats Raw Data'!C12 -> 0 | AF12: ='Fats Raw Data'!BB12-'Fats Raw Data'!D12 -> 0 | AG12: ='Fats Raw Data'!BC12-'Fats Raw Data'!E12 -> 0 | AH12: ='Fats Raw Data'!BG12&" - "&'Fats Raw Data'!I12 -> - | AJ12: ='Fats Raw Data'!A12 -> 0 | AK12: ='Fats Raw Data'!B12-'Fats Raw Data'!L12 -> 0 | AL12: ='Fats Raw Data'!C12-'Fats Raw Data'!M12 -> 0 | AM12: ='Fats Raw Data'!D12-'Fats Raw Data'!N12 -> 0 | AN12: ='Fats Raw Data'!E12-'Fats Raw Data'!O12 -> 0 | AO12: ='Fats Raw Data'!I12&" - "&'Fats Raw Data'!S12 -> - | AQ12: ='Fats Raw Data'!AE12 -> 0 | AR12: ='Fats Raw Data'!AF12-'Fats Raw Data'!AZ12 -> 0 | AS12: ='Fats Raw Data'!AG12-'Fats Raw Data'!BA12 -> 0 | AT12: ='Fats Raw Data'!AH12-'Fats Raw Data'!BB12 -> 0 | AU12: ='Fats Raw Data'!AI12-'Fats Raw Data'!BC12 -> 0 | AV12: ='Fats Raw Data'!AM12&" - "&'Fats Raw Data'!BG12 -> - | AX12: ='Fats Raw Data'!A12 -> 0 | AY12: ='Fats Raw Data'!B12-'Fats Raw Data'!V12 -> 0 | AZ12: ='Fats Raw Data'!C12-'Fats Raw Data'!W12 -> 0 | BA12: ='Fats Raw Data'!D12-'Fats Raw Data'!X12 -> 0 | BB12: ='Fats Raw Data'!E12-'Fats Raw Data'!Y12 -> 0 | BC12: ='Fats Raw Data'!I12&" - "&'Fats Raw Data'!AC12 -> - | BE12: ='Fats Raw Data'!K12 -> 0 | BF12: ='Fats Raw Data'!L12-'Fats Raw Data'!AF12 -> 0 | BG12: ='Fats Raw Data'!M12-'Fats Raw Data'!AG12 -> 0 | BH12: ='Fats Raw Data'!N12-'Fats Raw Data'!AH12 -> 0 | BI12: ='Fats Raw Data'!O12-'Fats Raw Data'!AI12 -> 0 | BJ12: ='Fats Raw Data'!S12&" - "&'Fats Raw Data'!AM12 -> -
A13: ='Fats Raw Data'!K13 -> 0 | B13: ='Fats Raw Data'!L13-'Fats Raw Data'!V13 -> 0 | C13: ='Fats Raw Data'!M13-'Fats Raw Data'!W13 -> 0 | D13: ='Fats Raw Data'!N13-'Fats Raw Data'!X13 -> 0 | E13: ='Fats Raw Data'!O13-'Fats Raw Data'!Y13 -> 0 | F13: ='Fats Raw Data'!S13&" - "&'Fats Raw Data'!AC13 -> - | H13: ='Fats Raw Data'!U13 -> 0 | I13: ='Fats Raw Data'!V13-'Fats Raw Data'!AF13 -> 0 | J13: ='Fats Raw Data'!W13-'Fats Raw Data'!AG13 -> 0 | K13: ='Fats Raw Data'!X13-'Fats Raw Data'!AH13 -> 0 | L13: ='Fats Raw Data'!Y13-'Fats Raw Data'!AI13 -> 0 | M13: ='Fats Raw Data'!AC13&" - "&'Fats Raw Data'!AM13 -> - | O13: ='Fats Raw Data'!AE13 -> 0 | P13: ='Fats Raw Data'!AF13-'Fats Raw Data'!AP13 -> 0 | Q13: ='Fats Raw Data'!AG13-'Fats Raw Data'!AQ13 -> 0 | R13: ='Fats Raw Data'!AH13-'Fats Raw Data'!AR13 -> 0 | S13: ='Fats Raw Data'!AI13-'Fats Raw Data'!AS13 -> 0 | T13: ='Fats Raw Data'!AM13&" - "&'Fats Raw Data'!AW13 -> - | V13: ='Fats Raw Data'!AO13 -> 0 | W13: ='Fats Raw Data'!AP13-'Fats Raw Data'!AZ13 -> 0 | X13: ='Fats Raw Data'!AQ13-'Fats Raw Data'!BA13 -> 0 | Y13: ='Fats Raw Data'!AR13-'Fats Raw Data'!BB13 -> 0 | Z13: ='Fats Raw Data'!AS13-'Fats Raw Data'!BC13 -> 0 | AA13: ='Fats Raw Data'!AW13&" - "&'Fats Raw Data'!BG13 -> - | AC13: ='Fats Raw Data'!AY13 -> 0 | AD13: ='Fats Raw Data'!AZ13-'Fats Raw Data'!B13 -> 0 | AE13: ='Fats Raw Data'!BA13-'Fats Raw Data'!C13 -> 0 | AF13: ='Fats Raw Data'!BB13-'Fats Raw Data'!D13 -> 0 | AG13: ='Fats Raw Data'!BC13-'Fats Raw Data'!E13 -> 0 | AH13: ='Fats Raw Data'!BG13&" - "&'Fats Raw Data'!I13 -> - | AJ13: ='Fats Raw Data'!A13 -> 0 | AK13: ='Fats Raw Data'!B13-'Fats Raw Data'!L13 -> 0 | AL13: ='Fats Raw Data'!C13-'Fats Raw Data'!M13 -> 0 | AM13: ='Fats Raw Data'!D13-'Fats Raw Data'!N13 -> 0 | AN13: ='Fats Raw Data'!E13-'Fats Raw Data'!O13 -> 0 | AO13: ='Fats Raw Data'!I13&" - "&'Fats Raw Data'!S13 -> - | AQ13: ='Fats Raw Data'!AE13 -> 0 | AR13: ='Fats Raw Data'!AF13-'Fats Raw Data'!AZ13 -> 0 | AS13: ='Fats Raw Data'!AG13-'Fats Raw Data'!BA13 -> 0 | AT13: ='Fats Raw Data'!AH13-'Fats Raw Data'!BB13 -> 0 | AU13: ='Fats Raw Data'!AI13-'Fats Raw Data'!BC13 -> 0 | AV13: ='Fats Raw Data'!AM13&" - "&'Fats Raw Data'!BG13 -> - | AX13: ='Fats Raw Data'!A13 -> 0 | AY13: ='Fats Raw Data'!B13-'Fats Raw Data'!V13 -> 0 | AZ13: ='Fats Raw Data'!C13-'Fats Raw Data'!W13 -> 0 | BA13: ='Fats Raw Data'!D13-'Fats Raw Data'!X13 -> 0 | BB13: ='Fats Raw Data'!E13-'Fats Raw Data'!Y13 -> 0 | BC13: ='Fats Raw Data'!I13&" - "&'Fats Raw Data'!AC13 -> - | BE13: ='Fats Raw Data'!K13 -> 0 | BF13: ='Fats Raw Data'!L13-'Fats Raw Data'!AF13 -> 0 | BG13: ='Fats Raw Data'!M13-'Fats Raw Data'!AG13 -> 0 | BH13: ='Fats Raw Data'!N13-'Fats Raw Data'!AH13 -> 0 | BI13: ='Fats Raw Data'!O13-'Fats Raw Data'!AI13 -> 0 | BJ13: ='Fats Raw Data'!S13&" - "&'Fats Raw Data'!AM13 -> -
A14: ='Fats Raw Data'!K14 -> 0 | B14: ='Fats Raw Data'!L14-'Fats Raw Data'!V14 -> 0 | C14: ='Fats Raw Data'!M14-'Fats Raw Data'!W14 -> 0 | D14: ='Fats Raw Data'!N14-'Fats Raw Data'!X14 -> 0 | E14: ='Fats Raw Data'!O14-'Fats Raw Data'!Y14 -> 0 | F14: ='Fats Raw Data'!S14&" - "&'Fats Raw Data'!AC14 -> - | H14: ='Fats Raw Data'!U14 -> 0 | I14: ='Fats Raw Data'!V14-'Fats Raw Data'!AF14 -> 0 | J14: ='Fats Raw Data'!W14-'Fats Raw Data'!AG14 -> 0 | K14: ='Fats Raw Data'!X14-'Fats Raw Data'!AH14 -> 0 | L14: ='Fats Raw Data'!Y14-'Fats Raw Data'!AI14 -> 0 | M14: ='Fats Raw Data'!AC14&" - "&'Fats Raw Data'!AM14 -> - | O14: ='Fats Raw Data'!AE14 -> 0 | P14: ='Fats Raw Data'!AF14-'Fats Raw Data'!AP14 -> 0 | Q14: ='Fats Raw Data'!AG14-'Fats Raw Data'!AQ14 -> 0 | R14: ='Fats Raw Data'!AH14-'Fats Raw Data'!AR14 -> 0 | S14: ='Fats Raw Data'!AI14-'Fats Raw Data'!AS14 -> 0 | T14: ='Fats Raw Data'!AM14&" - "&'Fats Raw Data'!AW14 -> - | V14: ='Fats Raw Data'!AO14 -> 0 | W14: ='Fats Raw Data'!AP14-'Fats Raw Data'!AZ14 -> 0 | X14: ='Fats Raw Data'!AQ14-'Fats Raw Data'!BA14 -> 0 | Y14: ='Fats Raw Data'!AR14-'Fats Raw Data'!BB14 -> 0 | Z14: ='Fats Raw Data'!AS14-'Fats Raw Data'!BC14 -> 0 | AA14: ='Fats Raw Data'!AW14&" - "&'Fats Raw Data'!BG14 -> - | AC14: ='Fats Raw Data'!AY14 -> 0 | AD14: ='Fats Raw Data'!AZ14-'Fats Raw Data'!B14 -> 0 | AE14: ='Fats Raw Data'!BA14-'Fats Raw Data'!C14 -> 0 | AF14: ='Fats Raw Data'!BB14-'Fats Raw Data'!D14 -> 0 | AG14: ='Fats Raw Data'!BC14-'Fats Raw Data'!E14 -> 0 | AH14: ='Fats Raw Data'!BG14&" - "&'Fats Raw Data'!I14 -> - | AJ14: ='Fats Raw Data'!A14 -> 0 | AK14: ='Fats Raw Data'!B14-'Fats Raw Data'!L14 -> 0 | AL14: ='Fats Raw Data'!C14-'Fats Raw Data'!M14 -> 0 | AM14: ='Fats Raw Data'!D14-'Fats Raw Data'!N14 -> 0 | AN14: ='Fats Raw Data'!E14-'Fats Raw Data'!O14 -> 0 | AO14: ='Fats Raw Data'!I14&" - "&'Fats Raw Data'!S14 -> - | AQ14: ='Fats Raw Data'!AE14 -> 0 | AR14: ='Fats Raw Data'!AF14-'Fats Raw Data'!AZ14 -> 0 | AS14: ='Fats Raw Data'!AG14-'Fats Raw Data'!BA14 -> 0 | AT14: ='Fats Raw Data'!AH14-'Fats Raw Data'!BB14 -> 0 | AU14: ='Fats Raw Data'!AI14-'Fats Raw Data'!BC14 -> 0 | AV14: ='Fats Raw Data'!AM14&" - "&'Fats Raw Data'!BG14 -> - | AX14: ='Fats Raw Data'!A14 -> 0 | AY14: ='Fats Raw Data'!B14-'Fats Raw Data'!V14 -> 0 | AZ14: ='Fats Raw Data'!C14-'Fats Raw Data'!W14 -> 0 | BA14: ='Fats Raw Data'!D14-'Fats Raw Data'!X14 -> 0 | BB14: ='Fats Raw Data'!E14-'Fats Raw Data'!Y14 -> 0 | BC14: ='Fats Raw Data'!I14&" - "&'Fats Raw Data'!AC14 -> - | BE14: ='Fats Raw Data'!K14 -> 0 | BF14: ='Fats Raw Data'!L14-'Fats Raw Data'!AF14 -> 0 | BG14: ='Fats Raw Data'!M14-'Fats Raw Data'!AG14 -> 0 | BH14: ='Fats Raw Data'!N14-'Fats Raw Data'!AH14 -> 0 | BI14: ='Fats Raw Data'!O14-'Fats Raw Data'!AI14 -> 0 | BJ14: ='Fats Raw Data'!S14&" - "&'Fats Raw Data'!AM14 -> -
... A120: ='Fats Raw Data'!K120 -> 0 | B120: ='Fats Raw Data'!L120-'Fats Raw Data'!V120 -> 0 | C120: ='Fats Raw Data'!M120-'Fats Raw Data'!W120 -> 0 | D120: ='Fats Raw Data'!N120-'Fats Raw Data'!X120 -> 0 | E120: ='Fats Raw Data'!O120-'Fats Raw Data'!Y120 -> 0 | F120: ='Fats Raw Data'!S120&" - "&'Fats Raw Data'!AC120 -> - | H120: ='Fats Raw Data'!U120 -> 0 | I120: ='Fats Raw Data'!V120-'Fats Raw Data'!AF120 -> 0 | J120: ='Fats Raw Data'!W120-'Fats Raw Data'!AG120 -> 0 | K120: ='Fats Raw Data'!X120-'Fats Raw Data'!AH120 -> 0 | L120: ='Fats Raw Data'!Y120-'Fats Raw Data'!AI120 -> 0 | M120: ='Fats Raw Data'!AC120&" - "&'Fats Raw Data'!AM120 -> - | O120: ='Fats Raw Data'!AE120 -> 0 | P120: ='Fats Raw Data'!AF120-'Fats Raw Data'!AP120 -> 0 | Q120: ='Fats Raw Data'!AG120-'Fats Raw Data'!AQ120 -> 0 | R120: ='Fats Raw Data'!AH120-'Fats Raw Data'!AR120 -> 0 | S120: ='Fats Raw Data'!AI120-'Fats Raw Data'!AS120 -> 0 | T120: ='Fats Raw Data'!AM120&" - "&'Fats Raw Data'!AW120 -> - | V120: ='Fats Raw Data'!AO120 -> 0 | W120: ='Fats Raw Data'!AP120-'Fats Raw Data'!AZ120 -> 0 | X120: ='Fats Raw Data'!AQ120-'Fats Raw Data'!BA120 -> 0 | Y120: ='Fats Raw Data'!AR120-'Fats Raw Data'!BB120 -> 0 | Z120: ='Fats Raw Data'!AS120-'Fats Raw Data'!BC120 -> 0 | AA120: ='Fats Raw Data'!AW120&" - "&'Fats Raw Data'!BG120 -> - | AC120: ='Fats Raw Data'!AY120 -> 0 | AD120: ='Fats Raw Data'!AZ120-'Fats Raw Data'!B120 -> 0 | AE120: ='Fats Raw Data'!BA120-'Fats Raw Data'!C120 -> 0 | AF120: ='Fats Raw Data'!BB120-'Fats Raw Data'!D120 -> 0 | AG120: ='Fats Raw Data'!BC120-'Fats Raw Data'!E120 -> 0 | AH120: ='Fats Raw Data'!BG120&" - "&'Fats Raw Data'!I120 -> - | AJ120: ='Fats Raw Data'!A120 -> 0 | AK120: ='Fats Raw Data'!B120-'Fats Raw Data'!L120 -> 0 | AL120: ='Fats Raw Data'!C120-'Fats Raw Data'!M120 -> 0 | AM120: ='Fats Raw Data'!D120-'Fats Raw Data'!N120 -> 0 | AN120: ='Fats Raw Data'!E120-'Fats Raw Data'!O120 -> 0 | AO120: ='Fats Raw Data'!I120&" - "&'Fats Raw Data'!S120 -> - | AQ120: ='Fats Raw Data'!AE120 -> 0 | AR120: ='Fats Raw Data'!AF120-'Fats Raw Data'!AZ120 -> 0 | AS120: ='Fats Raw Data'!AG120-'Fats Raw Data'!BA120 -> 0 | AT120: ='Fats Raw Data'!AH120-'Fats Raw Data'!BB120 -> 0 | AU120: ='Fats Raw Data'!AI120-'Fats Raw Data'!BC120 -> 0 | AV120: ='Fats Raw Data'!AM120&" - "&'Fats Raw Data'!BG120 -> - | AX120: ='Fats Raw Data'!A120 -> 0 | AY120: ='Fats Raw Data'!B120-'Fats Raw Data'!V120 -> 0 | AZ120: ='Fats Raw Data'!C120-'Fats Raw Data'!W120 -> 0 | BA120: ='Fats Raw Data'!D120-'Fats Raw Data'!X120 -> 0 | BB120: ='Fats Raw Data'!E120-'Fats Raw Data'!Y120 -> 0 | BC120: ='Fats Raw Data'!I120&" - "&'Fats Raw Data'!AC120 -> - | BE120: ='Fats Raw Data'!K120 -> 0 | BF120: ='Fats Raw Data'!L120-'Fats Raw Data'!AF120 -> 0 | BG120: ='Fats Raw Data'!M120-'Fats Raw Data'!AG120 -> 0 | BH120: ='Fats Raw Data'!N120-'Fats Raw Data'!AH120 -> 0 | BI120: ='Fats Raw Data'!O120-'Fats Raw Data'!AI120 -> 0 | BJ120: ='Fats Raw Data'!S120&" - "&'Fats Raw Data'!AM120 -> -

Sheet Feeder Spreads
A1: GFF - GFH (16 Years) | H1: GFK - GFQ (16 Years) | O1: GFV - GFX (16 Years) | V1: GFH - GFJ (16 Years) | AC1: GFJ - GFK (16 Years) | AJ1: GFQ - GFU (16 Years) | AQ1: GFU - GFV (16 Years) | AX1: GFX - GFF (16 Years)
A2: Date | B2: Close | C2: Open | D2: High | E2: Low | F2: Spread Year | H2: Date | I2: Close | J2: Open | K2: High | L2: Low | M2: Spread Year | O2: Date | P2: Close | Q2: Open | R2: High | S2: Low | T2: Spread Year | V2: Date | W2: Close | X2: Open | Y2: High | Z2: Low | AA2: Spread Year | AC2: Date | AD2: Close | AE2: Open | AF2: High | AG2: Low | AH2: Spread Year | AJ2: Date | AK2: Close | AL2: Open | AM2: High | AN2: Low | AO2: Spread Year | AQ2: Date | AR2: Close | AS2: Open | AT2: High | AU2: Low | AV2: Spread Year | AX2: Date | AY2: Close | AZ2: Open | BA2: High | BB2: Low | BC2: Spread Year
A3: ='Feeders Raw Data'!A3 -> 46150 | B3: ='Feeders Raw Data'!B3-'Feeders Raw Data'!L3 -> 4.45 | C3: ='Feeders Raw Data'!C3-'Feeders Raw Data'!M3 -> 7.75 | D3: ='Feeders Raw Data'!D3-'Feeders Raw Data'!N3 -> 5.675 | E3: ='Feeders Raw Data'!E3-'Feeders Raw Data'!O3 -> 4.375 | F3: ='Feeders Raw Data'!I3&" - "&'Feeders Raw Data'!S3 -> GFF27 - GFH27 | H3: ='Feeders Raw Data'!AE3 -> 46150 | I3: ='Feeders Raw Data'!AF3-'Feeders Raw Data'!AP3 -> 3.15 | J3: ='Feeders Raw Data'!AG3-'Feeders Raw Data'!AQ3 -> -0.175 | K3: ='Feeders Raw Data'!AH3-'Feeders Raw Data'!AR3 -> -0.15 | L3: ='Feeders Raw Data'!AI3-'Feeders Raw Data'!AS3 -> 3.425 | M3: ='Feeders Raw Data'!AM3&" - "&'Feeders Raw Data'!AW3 -> GFK26 - GFQ26 | O3: ='Feeders Raw Data'!BI3 -> 46150 | P3: ='Feeders Raw Data'!BJ3-'Feeders Raw Data'!BT3 -> 3.075 | Q3: ='Feeders Raw Data'!BK3-'Feeders Raw Data'!BU3 -> 4.05 | R3: ='Feeders Raw Data'!BL3-'Feeders Raw Data'!BV3 -> 2.775 | S3: ='Feeders Raw Data'!BM3-'Feeders Raw Data'!BW3 -> 2.85 | T3: ='Feeders Raw Data'!BQ3&" - "&'Feeders Raw Data'!CA3 -> GFV26 - GFX26 | V3: ='Feeders Raw Data'!K3 -> 46150 | W3: ='Feeders Raw Data'!L3-'Feeders Raw Data'!V3 -> 1.675 | X3: ='Feeders Raw Data'!M3-'Feeders Raw Data'!W3 -> 5.95 | Y3: ='Feeders Raw Data'!N3-'Feeders Raw Data'!X3 -> 2.225 | Z3: ='Feeders Raw Data'!O3-'Feeders Raw Data'!Y3 -> 1.825 | AA3: ='Feeders Raw Data'!S3&" - "&'Feeders Raw Data'!AC3 -> GFH27 - GFJ27 | AC3: ='Feeders Raw Data'!U3 -> 46150 | AD3: ='Feeders Raw Data'!V3-'Feeders Raw Data'!AF3 -> -22.85 | AE3: ='Feeders Raw Data'!W3-'Feeders Raw Data'!AG3 -> -24.925 | AF3: ='Feeders Raw Data'!X3-'Feeders Raw Data'!AH3 -> -20.45 | AG3: ='Feeders Raw Data'!Y3-'Feeders Raw Data'!AI3 -> -22.375 | AH3: ='Feeders Raw Data'!AC3&" - "&'Feeders Raw Data'!AM3 -> GFJ27 - GFK26 | AJ3: ='Feeders Raw Data'!AO3 -> 46150 | AK3: ='Feeders Raw Data'!AP3-'Feeders Raw Data'!AZ3 -> 2 | AL3: ='Feeders Raw Data'!AQ3-'Feeders Raw Data'!BA3 -> 1.275 | AM3: ='Feeders Raw Data'!AR3-'Feeders Raw Data'!BB3 -> 1.4 | AN3: ='Feeders Raw Data'!AS3-'Feeders Raw Data'!BC3 -> 1.75 | AO3: ='Feeders Raw Data'!AW3&" - "&'Feeders Raw Data'!BG3 -> GFQ26 - GFU26 | AQ3: ='Feeders Raw Data'!AY3 -> 46150 | AR3: ='Feeders Raw Data'!AZ3-'Feeders Raw Data'!BJ3 -> 2.425 | AS3: ='Feeders Raw Data'!BA3-'Feeders Raw Data'!BK3 -> 1.7 | AT3: ='Feeders Raw Data'!BB3-'Feeders Raw Data'!BL3 -> 2.525 | AU3: ='Feeders Raw Data'!BC3-'Feeders Raw Data'!BM3 -> 2.25 | AV3: ='Feeders Raw Data'!BG3&" - "&'Feeders Raw Data'!BQ3 -> GFU26 - GFV26 | AX3: ='Feeders Raw Data'!BS3 -> 46150 | AY3: ='Feeders Raw Data'!BT3-'Feeders Raw Data'!B3 -> 6.075 | AZ3: ='Feeders Raw Data'!BU3-'Feeders Raw Data'!C3 -> 4.375 | BA3: ='Feeders Raw Data'!BV3-'Feeders Raw Data'!D3 -> 6 | BB3: ='Feeders Raw Data'!BW3-'Feeders Raw Data'!E3 -> 5.9 | BC3: ='Feeders Raw Data'!CA3&" - "&'Feeders Raw Data'!I3 -> GFX26 - GFF27
A4: ='Feeders Raw Data'!A4 -> 0 | B4: ='Feeders Raw Data'!B4-'Feeders Raw Data'!L4 -> 0 | C4: ='Feeders Raw Data'!C4-'Feeders Raw Data'!M4 -> 0 | D4: ='Feeders Raw Data'!D4-'Feeders Raw Data'!N4 -> 0 | E4: ='Feeders Raw Data'!E4-'Feeders Raw Data'!O4 -> 0 | F4: ='Feeders Raw Data'!I4&" - "&'Feeders Raw Data'!S4 -> - | H4: ='Feeders Raw Data'!AE4 -> 0 | I4: ='Feeders Raw Data'!AF4-'Feeders Raw Data'!AP4 -> 0 | J4: ='Feeders Raw Data'!AG4-'Feeders Raw Data'!AQ4 -> 0 | K4: ='Feeders Raw Data'!AH4-'Feeders Raw Data'!AR4 -> 0 | L4: ='Feeders Raw Data'!AI4-'Feeders Raw Data'!AS4 -> 0 | M4: ='Feeders Raw Data'!AM4&" - "&'Feeders Raw Data'!AW4 -> - | O4: ='Feeders Raw Data'!BI4 -> 0 | P4: ='Feeders Raw Data'!BJ4-'Feeders Raw Data'!BT4 -> 0 | Q4: ='Feeders Raw Data'!BK4-'Feeders Raw Data'!BU4 -> 0 | R4: ='Feeders Raw Data'!BL4-'Feeders Raw Data'!BV4 -> 0 | S4: ='Feeders Raw Data'!BM4-'Feeders Raw Data'!BW4 -> 0 | T4: ='Feeders Raw Data'!BQ4&" - "&'Feeders Raw Data'!CA4 -> - | V4: ='Feeders Raw Data'!K4 -> 0 | W4: ='Feeders Raw Data'!L4-'Feeders Raw Data'!V4 -> 0 | X4: ='Feeders Raw Data'!M4-'Feeders Raw Data'!W4 -> 0 | Y4: ='Feeders Raw Data'!N4-'Feeders Raw Data'!X4 -> 0 | Z4: ='Feeders Raw Data'!O4-'Feeders Raw Data'!Y4 -> 0 | AA4: ='Feeders Raw Data'!S4&" - "&'Feeders Raw Data'!AC4 -> - | AC4: ='Feeders Raw Data'!U4 -> 0 | AD4: ='Feeders Raw Data'!V4-'Feeders Raw Data'!AF4 -> 0 | AE4: ='Feeders Raw Data'!W4-'Feeders Raw Data'!AG4 -> 0 | AF4: ='Feeders Raw Data'!X4-'Feeders Raw Data'!AH4 -> 0 | AG4: ='Feeders Raw Data'!Y4-'Feeders Raw Data'!AI4 -> 0 | AH4: ='Feeders Raw Data'!AC4&" - "&'Feeders Raw Data'!AM4 -> - | AJ4: ='Feeders Raw Data'!AO4 -> 0 | AK4: ='Feeders Raw Data'!AP4-'Feeders Raw Data'!AZ4 -> 0 | AL4: ='Feeders Raw Data'!AQ4-'Feeders Raw Data'!BA4 -> 0 | AM4: ='Feeders Raw Data'!AR4-'Feeders Raw Data'!BB4 -> 0 | AN4: ='Feeders Raw Data'!AS4-'Feeders Raw Data'!BC4 -> 0 | AO4: ='Feeders Raw Data'!AW4&" - "&'Feeders Raw Data'!BG4 -> - | AQ4: ='Feeders Raw Data'!AY4 -> 0 | AR4: ='Feeders Raw Data'!AZ4-'Feeders Raw Data'!BJ4 -> 0 | AS4: ='Feeders Raw Data'!BA4-'Feeders Raw Data'!BK4 -> 0 | AT4: ='Feeders Raw Data'!BB4-'Feeders Raw Data'!BL4 -> 0 | AU4: ='Feeders Raw Data'!BC4-'Feeders Raw Data'!BM4 -> 0 | AV4: ='Feeders Raw Data'!BG4&" - "&'Feeders Raw Data'!BQ4 -> - | AX4: ='Feeders Raw Data'!BS4 -> 0 | AY4: ='Feeders Raw Data'!BT4-'Feeders Raw Data'!B4 -> 0 | AZ4: ='Feeders Raw Data'!BU4-'Feeders Raw Data'!C4 -> 0 | BA4: ='Feeders Raw Data'!BV4-'Feeders Raw Data'!D4 -> 0 | BB4: ='Feeders Raw Data'!BW4-'Feeders Raw Data'!E4 -> 0 | BC4: ='Feeders Raw Data'!CA4&" - "&'Feeders Raw Data'!I4 -> -
A5: ='Feeders Raw Data'!A5 -> 0 | B5: ='Feeders Raw Data'!B5-'Feeders Raw Data'!L5 -> 0 | C5: ='Feeders Raw Data'!C5-'Feeders Raw Data'!M5 -> 0 | D5: ='Feeders Raw Data'!D5-'Feeders Raw Data'!N5 -> 0 | E5: ='Feeders Raw Data'!E5-'Feeders Raw Data'!O5 -> 0 | F5: ='Feeders Raw Data'!I5&" - "&'Feeders Raw Data'!S5 -> - | H5: ='Feeders Raw Data'!AE5 -> 0 | I5: ='Feeders Raw Data'!AF5-'Feeders Raw Data'!AP5 -> 0 | J5: ='Feeders Raw Data'!AG5-'Feeders Raw Data'!AQ5 -> 0 | K5: ='Feeders Raw Data'!AH5-'Feeders Raw Data'!AR5 -> 0 | L5: ='Feeders Raw Data'!AI5-'Feeders Raw Data'!AS5 -> 0 | M5: ='Feeders Raw Data'!AM5&" - "&'Feeders Raw Data'!AW5 -> - | O5: ='Feeders Raw Data'!BI5 -> 0 | P5: ='Feeders Raw Data'!BJ5-'Feeders Raw Data'!BT5 -> 0 | Q5: ='Feeders Raw Data'!BK5-'Feeders Raw Data'!BU5 -> 0 | R5: ='Feeders Raw Data'!BL5-'Feeders Raw Data'!BV5 -> 0 | S5: ='Feeders Raw Data'!BM5-'Feeders Raw Data'!BW5 -> 0 | T5: ='Feeders Raw Data'!BQ5&" - "&'Feeders Raw Data'!CA5 -> - | V5: ='Feeders Raw Data'!K5 -> 0 | W5: ='Feeders Raw Data'!L5-'Feeders Raw Data'!V5 -> 0 | X5: ='Feeders Raw Data'!M5-'Feeders Raw Data'!W5 -> 0 | Y5: ='Feeders Raw Data'!N5-'Feeders Raw Data'!X5 -> 0 | Z5: ='Feeders Raw Data'!O5-'Feeders Raw Data'!Y5 -> 0 | AA5: ='Feeders Raw Data'!S5&" - "&'Feeders Raw Data'!AC5 -> - | AC5: ='Feeders Raw Data'!U5 -> 0 | AD5: ='Feeders Raw Data'!V5-'Feeders Raw Data'!AF5 -> 0 | AE5: ='Feeders Raw Data'!W5-'Feeders Raw Data'!AG5 -> 0 | AF5: ='Feeders Raw Data'!X5-'Feeders Raw Data'!AH5 -> 0 | AG5: ='Feeders Raw Data'!Y5-'Feeders Raw Data'!AI5 -> 0 | AH5: ='Feeders Raw Data'!AC5&" - "&'Feeders Raw Data'!AM5 -> - | AJ5: ='Feeders Raw Data'!AO5 -> 0 | AK5: ='Feeders Raw Data'!AP5-'Feeders Raw Data'!AZ5 -> 0 | AL5: ='Feeders Raw Data'!AQ5-'Feeders Raw Data'!BA5 -> 0 | AM5: ='Feeders Raw Data'!AR5-'Feeders Raw Data'!BB5 -> 0 | AN5: ='Feeders Raw Data'!AS5-'Feeders Raw Data'!BC5 -> 0 | AO5: ='Feeders Raw Data'!AW5&" - "&'Feeders Raw Data'!BG5 -> - | AQ5: ='Feeders Raw Data'!AY5 -> 0 | AR5: ='Feeders Raw Data'!AZ5-'Feeders Raw Data'!BJ5 -> 0 | AS5: ='Feeders Raw Data'!BA5-'Feeders Raw Data'!BK5 -> 0 | AT5: ='Feeders Raw Data'!BB5-'Feeders Raw Data'!BL5 -> 0 | AU5: ='Feeders Raw Data'!BC5-'Feeders Raw Data'!BM5 -> 0 | AV5: ='Feeders Raw Data'!BG5&" - "&'Feeders Raw Data'!BQ5 -> - | AX5: ='Feeders Raw Data'!BS5 -> 0 | AY5: ='Feeders Raw Data'!BT5-'Feeders Raw Data'!B5 -> 0 | AZ5: ='Feeders Raw Data'!BU5-'Feeders Raw Data'!C5 -> 0 | BA5: ='Feeders Raw Data'!BV5-'Feeders Raw Data'!D5 -> 0 | BB5: ='Feeders Raw Data'!BW5-'Feeders Raw Data'!E5 -> 0 | BC5: ='Feeders Raw Data'!CA5&" - "&'Feeders Raw Data'!I5 -> -
A6: ='Feeders Raw Data'!A6 -> 0 | B6: ='Feeders Raw Data'!B6-'Feeders Raw Data'!L6 -> 0 | C6: ='Feeders Raw Data'!C6-'Feeders Raw Data'!M6 -> 0 | D6: ='Feeders Raw Data'!D6-'Feeders Raw Data'!N6 -> 0 | E6: ='Feeders Raw Data'!E6-'Feeders Raw Data'!O6 -> 0 | F6: ='Feeders Raw Data'!I6&" - "&'Feeders Raw Data'!S6 -> - | H6: ='Feeders Raw Data'!AE6 -> 0 | I6: ='Feeders Raw Data'!AF6-'Feeders Raw Data'!AP6 -> 0 | J6: ='Feeders Raw Data'!AG6-'Feeders Raw Data'!AQ6 -> 0 | K6: ='Feeders Raw Data'!AH6-'Feeders Raw Data'!AR6 -> 0 | L6: ='Feeders Raw Data'!AI6-'Feeders Raw Data'!AS6 -> 0 | M6: ='Feeders Raw Data'!AM6&" - "&'Feeders Raw Data'!AW6 -> - | O6: ='Feeders Raw Data'!BI6 -> 0 | P6: ='Feeders Raw Data'!BJ6-'Feeders Raw Data'!BT6 -> 0 | Q6: ='Feeders Raw Data'!BK6-'Feeders Raw Data'!BU6 -> 0 | R6: ='Feeders Raw Data'!BL6-'Feeders Raw Data'!BV6 -> 0 | S6: ='Feeders Raw Data'!BM6-'Feeders Raw Data'!BW6 -> 0 | T6: ='Feeders Raw Data'!BQ6&" - "&'Feeders Raw Data'!CA6 -> - | V6: ='Feeders Raw Data'!K6 -> 0 | W6: ='Feeders Raw Data'!L6-'Feeders Raw Data'!V6 -> 0 | X6: ='Feeders Raw Data'!M6-'Feeders Raw Data'!W6 -> 0 | Y6: ='Feeders Raw Data'!N6-'Feeders Raw Data'!X6 -> 0 | Z6: ='Feeders Raw Data'!O6-'Feeders Raw Data'!Y6 -> 0 | AA6: ='Feeders Raw Data'!S6&" - "&'Feeders Raw Data'!AC6 -> - | AC6: ='Feeders Raw Data'!U6 -> 0 | AD6: ='Feeders Raw Data'!V6-'Feeders Raw Data'!AF6 -> 0 | AE6: ='Feeders Raw Data'!W6-'Feeders Raw Data'!AG6 -> 0 | AF6: ='Feeders Raw Data'!X6-'Feeders Raw Data'!AH6 -> 0 | AG6: ='Feeders Raw Data'!Y6-'Feeders Raw Data'!AI6 -> 0 | AH6: ='Feeders Raw Data'!AC6&" - "&'Feeders Raw Data'!AM6 -> - | AJ6: ='Feeders Raw Data'!AO6 -> 0 | AK6: ='Feeders Raw Data'!AP6-'Feeders Raw Data'!AZ6 -> 0 | AL6: ='Feeders Raw Data'!AQ6-'Feeders Raw Data'!BA6 -> 0 | AM6: ='Feeders Raw Data'!AR6-'Feeders Raw Data'!BB6 -> 0 | AN6: ='Feeders Raw Data'!AS6-'Feeders Raw Data'!BC6 -> 0 | AO6: ='Feeders Raw Data'!AW6&" - "&'Feeders Raw Data'!BG6 -> - | AQ6: ='Feeders Raw Data'!AY6 -> 0 | AR6: ='Feeders Raw Data'!AZ6-'Feeders Raw Data'!BJ6 -> 0 | AS6: ='Feeders Raw Data'!BA6-'Feeders Raw Data'!BK6 -> 0 | AT6: ='Feeders Raw Data'!BB6-'Feeders Raw Data'!BL6 -> 0 | AU6: ='Feeders Raw Data'!BC6-'Feeders Raw Data'!BM6 -> 0 | AV6: ='Feeders Raw Data'!BG6&" - "&'Feeders Raw Data'!BQ6 -> - | AX6: ='Feeders Raw Data'!BS6 -> 0 | AY6: ='Feeders Raw Data'!BT6-'Feeders Raw Data'!B6 -> 0 | AZ6: ='Feeders Raw Data'!BU6-'Feeders Raw Data'!C6 -> 0 | BA6: ='Feeders Raw Data'!BV6-'Feeders Raw Data'!D6 -> 0 | BB6: ='Feeders Raw Data'!BW6-'Feeders Raw Data'!E6 -> 0 | BC6: ='Feeders Raw Data'!CA6&" - "&'Feeders Raw Data'!I6 -> -
A7: ='Feeders Raw Data'!A7 -> 0 | B7: ='Feeders Raw Data'!B7-'Feeders Raw Data'!L7 -> 0 | C7: ='Feeders Raw Data'!C7-'Feeders Raw Data'!M7 -> 0 | D7: ='Feeders Raw Data'!D7-'Feeders Raw Data'!N7 -> 0 | E7: ='Feeders Raw Data'!E7-'Feeders Raw Data'!O7 -> 0 | F7: ='Feeders Raw Data'!I7&" - "&'Feeders Raw Data'!S7 -> - | H7: ='Feeders Raw Data'!AE7 -> 0 | I7: ='Feeders Raw Data'!AF7-'Feeders Raw Data'!AP7 -> 0 | J7: ='Feeders Raw Data'!AG7-'Feeders Raw Data'!AQ7 -> 0 | K7: ='Feeders Raw Data'!AH7-'Feeders Raw Data'!AR7 -> 0 | L7: ='Feeders Raw Data'!AI7-'Feeders Raw Data'!AS7 -> 0 | M7: ='Feeders Raw Data'!AM7&" - "&'Feeders Raw Data'!AW7 -> - | O7: ='Feeders Raw Data'!BI7 -> 0 | P7: ='Feeders Raw Data'!BJ7-'Feeders Raw Data'!BT7 -> 0 | Q7: ='Feeders Raw Data'!BK7-'Feeders Raw Data'!BU7 -> 0 | R7: ='Feeders Raw Data'!BL7-'Feeders Raw Data'!BV7 -> 0 | S7: ='Feeders Raw Data'!BM7-'Feeders Raw Data'!BW7 -> 0 | T7: ='Feeders Raw Data'!BQ7&" - "&'Feeders Raw Data'!CA7 -> - | V7: ='Feeders Raw Data'!K7 -> 0 | W7: ='Feeders Raw Data'!L7-'Feeders Raw Data'!V7 -> 0 | X7: ='Feeders Raw Data'!M7-'Feeders Raw Data'!W7 -> 0 | Y7: ='Feeders Raw Data'!N7-'Feeders Raw Data'!X7 -> 0 | Z7: ='Feeders Raw Data'!O7-'Feeders Raw Data'!Y7 -> 0 | AA7: ='Feeders Raw Data'!S7&" - "&'Feeders Raw Data'!AC7 -> - | AC7: ='Feeders Raw Data'!U7 -> 0 | AD7: ='Feeders Raw Data'!V7-'Feeders Raw Data'!AF7 -> 0 | AE7: ='Feeders Raw Data'!W7-'Feeders Raw Data'!AG7 -> 0 | AF7: ='Feeders Raw Data'!X7-'Feeders Raw Data'!AH7 -> 0 | AG7: ='Feeders Raw Data'!Y7-'Feeders Raw Data'!AI7 -> 0 | AH7: ='Feeders Raw Data'!AC7&" - "&'Feeders Raw Data'!AM7 -> - | AJ7: ='Feeders Raw Data'!AO7 -> 0 | AK7: ='Feeders Raw Data'!AP7-'Feeders Raw Data'!AZ7 -> 0 | AL7: ='Feeders Raw Data'!AQ7-'Feeders Raw Data'!BA7 -> 0 | AM7: ='Feeders Raw Data'!AR7-'Feeders Raw Data'!BB7 -> 0 | AN7: ='Feeders Raw Data'!AS7-'Feeders Raw Data'!BC7 -> 0 | AO7: ='Feeders Raw Data'!AW7&" - "&'Feeders Raw Data'!BG7 -> - | AQ7: ='Feeders Raw Data'!AY7 -> 0 | AR7: ='Feeders Raw Data'!AZ7-'Feeders Raw Data'!BJ7 -> 0 | AS7: ='Feeders Raw Data'!BA7-'Feeders Raw Data'!BK7 -> 0 | AT7: ='Feeders Raw Data'!BB7-'Feeders Raw Data'!BL7 -> 0 | AU7: ='Feeders Raw Data'!BC7-'Feeders Raw Data'!BM7 -> 0 | AV7: ='Feeders Raw Data'!BG7&" - "&'Feeders Raw Data'!BQ7 -> - | AX7: ='Feeders Raw Data'!BS7 -> 0 | AY7: ='Feeders Raw Data'!BT7-'Feeders Raw Data'!B7 -> 0 | AZ7: ='Feeders Raw Data'!BU7-'Feeders Raw Data'!C7 -> 0 | BA7: ='Feeders Raw Data'!BV7-'Feeders Raw Data'!D7 -> 0 | BB7: ='Feeders Raw Data'!BW7-'Feeders Raw Data'!E7 -> 0 | BC7: ='Feeders Raw Data'!CA7&" - "&'Feeders Raw Data'!I7 -> -
A8: ='Feeders Raw Data'!A8 -> 0 | B8: ='Feeders Raw Data'!B8-'Feeders Raw Data'!L8 -> 0 | C8: ='Feeders Raw Data'!C8-'Feeders Raw Data'!M8 -> 0 | D8: ='Feeders Raw Data'!D8-'Feeders Raw Data'!N8 -> 0 | E8: ='Feeders Raw Data'!E8-'Feeders Raw Data'!O8 -> 0 | F8: ='Feeders Raw Data'!I8&" - "&'Feeders Raw Data'!S8 -> - | H8: ='Feeders Raw Data'!AE8 -> 0 | I8: ='Feeders Raw Data'!AF8-'Feeders Raw Data'!AP8 -> 0 | J8: ='Feeders Raw Data'!AG8-'Feeders Raw Data'!AQ8 -> 0 | K8: ='Feeders Raw Data'!AH8-'Feeders Raw Data'!AR8 -> 0 | L8: ='Feeders Raw Data'!AI8-'Feeders Raw Data'!AS8 -> 0 | M8: ='Feeders Raw Data'!AM8&" - "&'Feeders Raw Data'!AW8 -> - | O8: ='Feeders Raw Data'!BI8 -> 0 | P8: ='Feeders Raw Data'!BJ8-'Feeders Raw Data'!BT8 -> 0 | Q8: ='Feeders Raw Data'!BK8-'Feeders Raw Data'!BU8 -> 0 | R8: ='Feeders Raw Data'!BL8-'Feeders Raw Data'!BV8 -> 0 | S8: ='Feeders Raw Data'!BM8-'Feeders Raw Data'!BW8 -> 0 | T8: ='Feeders Raw Data'!BQ8&" - "&'Feeders Raw Data'!CA8 -> - | V8: ='Feeders Raw Data'!K8 -> 0 | W8: ='Feeders Raw Data'!L8-'Feeders Raw Data'!V8 -> 0 | X8: ='Feeders Raw Data'!M8-'Feeders Raw Data'!W8 -> 0 | Y8: ='Feeders Raw Data'!N8-'Feeders Raw Data'!X8 -> 0 | Z8: ='Feeders Raw Data'!O8-'Feeders Raw Data'!Y8 -> 0 | AA8: ='Feeders Raw Data'!S8&" - "&'Feeders Raw Data'!AC8 -> - | AC8: ='Feeders Raw Data'!U8 -> 0 | AD8: ='Feeders Raw Data'!V8-'Feeders Raw Data'!AF8 -> 0 | AE8: ='Feeders Raw Data'!W8-'Feeders Raw Data'!AG8 -> 0 | AF8: ='Feeders Raw Data'!X8-'Feeders Raw Data'!AH8 -> 0 | AG8: ='Feeders Raw Data'!Y8-'Feeders Raw Data'!AI8 -> 0 | AH8: ='Feeders Raw Data'!AC8&" - "&'Feeders Raw Data'!AM8 -> - | AJ8: ='Feeders Raw Data'!AO8 -> 0 | AK8: ='Feeders Raw Data'!AP8-'Feeders Raw Data'!AZ8 -> 0 | AL8: ='Feeders Raw Data'!AQ8-'Feeders Raw Data'!BA8 -> 0 | AM8: ='Feeders Raw Data'!AR8-'Feeders Raw Data'!BB8 -> 0 | AN8: ='Feeders Raw Data'!AS8-'Feeders Raw Data'!BC8 -> 0 | AO8: ='Feeders Raw Data'!AW8&" - "&'Feeders Raw Data'!BG8 -> - | AQ8: ='Feeders Raw Data'!AY8 -> 0 | AR8: ='Feeders Raw Data'!AZ8-'Feeders Raw Data'!BJ8 -> 0 | AS8: ='Feeders Raw Data'!BA8-'Feeders Raw Data'!BK8 -> 0 | AT8: ='Feeders Raw Data'!BB8-'Feeders Raw Data'!BL8 -> 0 | AU8: ='Feeders Raw Data'!BC8-'Feeders Raw Data'!BM8 -> 0 | AV8: ='Feeders Raw Data'!BG8&" - "&'Feeders Raw Data'!BQ8 -> - | AX8: ='Feeders Raw Data'!BS8 -> 0 | AY8: ='Feeders Raw Data'!BT8-'Feeders Raw Data'!B8 -> 0 | AZ8: ='Feeders Raw Data'!BU8-'Feeders Raw Data'!C8 -> 0 | BA8: ='Feeders Raw Data'!BV8-'Feeders Raw Data'!D8 -> 0 | BB8: ='Feeders Raw Data'!BW8-'Feeders Raw Data'!E8 -> 0 | BC8: ='Feeders Raw Data'!CA8&" - "&'Feeders Raw Data'!I8 -> -
A9: ='Feeders Raw Data'!A9 -> 0 | B9: ='Feeders Raw Data'!B9-'Feeders Raw Data'!L9 -> 0 | C9: ='Feeders Raw Data'!C9-'Feeders Raw Data'!M9 -> 0 | D9: ='Feeders Raw Data'!D9-'Feeders Raw Data'!N9 -> 0 | E9: ='Feeders Raw Data'!E9-'Feeders Raw Data'!O9 -> 0 | F9: ='Feeders Raw Data'!I9&" - "&'Feeders Raw Data'!S9 -> - | H9: ='Feeders Raw Data'!AE9 -> 0 | I9: ='Feeders Raw Data'!AF9-'Feeders Raw Data'!AP9 -> 0 | J9: ='Feeders Raw Data'!AG9-'Feeders Raw Data'!AQ9 -> 0 | K9: ='Feeders Raw Data'!AH9-'Feeders Raw Data'!AR9 -> 0 | L9: ='Feeders Raw Data'!AI9-'Feeders Raw Data'!AS9 -> 0 | M9: ='Feeders Raw Data'!AM9&" - "&'Feeders Raw Data'!AW9 -> - | O9: ='Feeders Raw Data'!BI9 -> 0 | P9: ='Feeders Raw Data'!BJ9-'Feeders Raw Data'!BT9 -> 0 | Q9: ='Feeders Raw Data'!BK9-'Feeders Raw Data'!BU9 -> 0 | R9: ='Feeders Raw Data'!BL9-'Feeders Raw Data'!BV9 -> 0 | S9: ='Feeders Raw Data'!BM9-'Feeders Raw Data'!BW9 -> 0 | T9: ='Feeders Raw Data'!BQ9&" - "&'Feeders Raw Data'!CA9 -> - | V9: ='Feeders Raw Data'!K9 -> 0 | W9: ='Feeders Raw Data'!L9-'Feeders Raw Data'!V9 -> 0 | X9: ='Feeders Raw Data'!M9-'Feeders Raw Data'!W9 -> 0 | Y9: ='Feeders Raw Data'!N9-'Feeders Raw Data'!X9 -> 0 | Z9: ='Feeders Raw Data'!O9-'Feeders Raw Data'!Y9 -> 0 | AA9: ='Feeders Raw Data'!S9&" - "&'Feeders Raw Data'!AC9 -> - | AC9: ='Feeders Raw Data'!U9 -> 0 | AD9: ='Feeders Raw Data'!V9-'Feeders Raw Data'!AF9 -> 0 | AE9: ='Feeders Raw Data'!W9-'Feeders Raw Data'!AG9 -> 0 | AF9: ='Feeders Raw Data'!X9-'Feeders Raw Data'!AH9 -> 0 | AG9: ='Feeders Raw Data'!Y9-'Feeders Raw Data'!AI9 -> 0 | AH9: ='Feeders Raw Data'!AC9&" - "&'Feeders Raw Data'!AM9 -> - | AJ9: ='Feeders Raw Data'!AO9 -> 0 | AK9: ='Feeders Raw Data'!AP9-'Feeders Raw Data'!AZ9 -> 0 | AL9: ='Feeders Raw Data'!AQ9-'Feeders Raw Data'!BA9 -> 0 | AM9: ='Feeders Raw Data'!AR9-'Feeders Raw Data'!BB9 -> 0 | AN9: ='Feeders Raw Data'!AS9-'Feeders Raw Data'!BC9 -> 0 | AO9: ='Feeders Raw Data'!AW9&" - "&'Feeders Raw Data'!BG9 -> - | AQ9: ='Feeders Raw Data'!AY9 -> 0 | AR9: ='Feeders Raw Data'!AZ9-'Feeders Raw Data'!BJ9 -> 0 | AS9: ='Feeders Raw Data'!BA9-'Feeders Raw Data'!BK9 -> 0 | AT9: ='Feeders Raw Data'!BB9-'Feeders Raw Data'!BL9 -> 0 | AU9: ='Feeders Raw Data'!BC9-'Feeders Raw Data'!BM9 -> 0 | AV9: ='Feeders Raw Data'!BG9&" - "&'Feeders Raw Data'!BQ9 -> - | AX9: ='Feeders Raw Data'!BS9 -> 0 | AY9: ='Feeders Raw Data'!BT9-'Feeders Raw Data'!B9 -> 0 | AZ9: ='Feeders Raw Data'!BU9-'Feeders Raw Data'!C9 -> 0 | BA9: ='Feeders Raw Data'!BV9-'Feeders Raw Data'!D9 -> 0 | BB9: ='Feeders Raw Data'!BW9-'Feeders Raw Data'!E9 -> 0 | BC9: ='Feeders Raw Data'!CA9&" - "&'Feeders Raw Data'!I9 -> -
A10: ='Feeders Raw Data'!A10 -> 0 | B10: ='Feeders Raw Data'!B10-'Feeders Raw Data'!L10 -> 0 | C10: ='Feeders Raw Data'!C10-'Feeders Raw Data'!M10 -> 0 | D10: ='Feeders Raw Data'!D10-'Feeders Raw Data'!N10 -> 0 | E10: ='Feeders Raw Data'!E10-'Feeders Raw Data'!O10 -> 0 | F10: ='Feeders Raw Data'!I10&" - "&'Feeders Raw Data'!S10 -> - | H10: ='Feeders Raw Data'!AE10 -> 0 | I10: ='Feeders Raw Data'!AF10-'Feeders Raw Data'!AP10 -> 0 | J10: ='Feeders Raw Data'!AG10-'Feeders Raw Data'!AQ10 -> 0 | K10: ='Feeders Raw Data'!AH10-'Feeders Raw Data'!AR10 -> 0 | L10: ='Feeders Raw Data'!AI10-'Feeders Raw Data'!AS10 -> 0 | M10: ='Feeders Raw Data'!AM10&" - "&'Feeders Raw Data'!AW10 -> - | O10: ='Feeders Raw Data'!BI10 -> 0 | P10: ='Feeders Raw Data'!BJ10-'Feeders Raw Data'!BT10 -> 0 | Q10: ='Feeders Raw Data'!BK10-'Feeders Raw Data'!BU10 -> 0 | R10: ='Feeders Raw Data'!BL10-'Feeders Raw Data'!BV10 -> 0 | S10: ='Feeders Raw Data'!BM10-'Feeders Raw Data'!BW10 -> 0 | T10: ='Feeders Raw Data'!BQ10&" - "&'Feeders Raw Data'!CA10 -> - | V10: ='Feeders Raw Data'!K10 -> 0 | W10: ='Feeders Raw Data'!L10-'Feeders Raw Data'!V10 -> 0 | X10: ='Feeders Raw Data'!M10-'Feeders Raw Data'!W10 -> 0 | Y10: ='Feeders Raw Data'!N10-'Feeders Raw Data'!X10 -> 0 | Z10: ='Feeders Raw Data'!O10-'Feeders Raw Data'!Y10 -> 0 | AA10: ='Feeders Raw Data'!S10&" - "&'Feeders Raw Data'!AC10 -> - | AC10: ='Feeders Raw Data'!U10 -> 0 | AD10: ='Feeders Raw Data'!V10-'Feeders Raw Data'!AF10 -> 0 | AE10: ='Feeders Raw Data'!W10-'Feeders Raw Data'!AG10 -> 0 | AF10: ='Feeders Raw Data'!X10-'Feeders Raw Data'!AH10 -> 0 | AG10: ='Feeders Raw Data'!Y10-'Feeders Raw Data'!AI10 -> 0 | AH10: ='Feeders Raw Data'!AC10&" - "&'Feeders Raw Data'!AM10 -> - | AJ10: ='Feeders Raw Data'!AO10 -> 0 | AK10: ='Feeders Raw Data'!AP10-'Feeders Raw Data'!AZ10 -> 0 | AL10: ='Feeders Raw Data'!AQ10-'Feeders Raw Data'!BA10 -> 0 | AM10: ='Feeders Raw Data'!AR10-'Feeders Raw Data'!BB10 -> 0 | AN10: ='Feeders Raw Data'!AS10-'Feeders Raw Data'!BC10 -> 0 | AO10: ='Feeders Raw Data'!AW10&" - "&'Feeders Raw Data'!BG10 -> - | AQ10: ='Feeders Raw Data'!AY10 -> 0 | AR10: ='Feeders Raw Data'!AZ10-'Feeders Raw Data'!BJ10 -> 0 | AS10: ='Feeders Raw Data'!BA10-'Feeders Raw Data'!BK10 -> 0 | AT10: ='Feeders Raw Data'!BB10-'Feeders Raw Data'!BL10 -> 0 | AU10: ='Feeders Raw Data'!BC10-'Feeders Raw Data'!BM10 -> 0 | AV10: ='Feeders Raw Data'!BG10&" - "&'Feeders Raw Data'!BQ10 -> - | AX10: ='Feeders Raw Data'!BS10 -> 0 | AY10: ='Feeders Raw Data'!BT10-'Feeders Raw Data'!B10 -> 0 | AZ10: ='Feeders Raw Data'!BU10-'Feeders Raw Data'!C10 -> 0 | BA10: ='Feeders Raw Data'!BV10-'Feeders Raw Data'!D10 -> 0 | BB10: ='Feeders Raw Data'!BW10-'Feeders Raw Data'!E10 -> 0 | BC10: ='Feeders Raw Data'!CA10&" - "&'Feeders Raw Data'!I10 -> -
A11: ='Feeders Raw Data'!A11 -> 0 | B11: ='Feeders Raw Data'!B11-'Feeders Raw Data'!L11 -> 0 | C11: ='Feeders Raw Data'!C11-'Feeders Raw Data'!M11 -> 0 | D11: ='Feeders Raw Data'!D11-'Feeders Raw Data'!N11 -> 0 | E11: ='Feeders Raw Data'!E11-'Feeders Raw Data'!O11 -> 0 | F11: ='Feeders Raw Data'!I11&" - "&'Feeders Raw Data'!S11 -> - | H11: ='Feeders Raw Data'!AE11 -> 0 | I11: ='Feeders Raw Data'!AF11-'Feeders Raw Data'!AP11 -> 0 | J11: ='Feeders Raw Data'!AG11-'Feeders Raw Data'!AQ11 -> 0 | K11: ='Feeders Raw Data'!AH11-'Feeders Raw Data'!AR11 -> 0 | L11: ='Feeders Raw Data'!AI11-'Feeders Raw Data'!AS11 -> 0 | M11: ='Feeders Raw Data'!AM11&" - "&'Feeders Raw Data'!AW11 -> - | O11: ='Feeders Raw Data'!BI11 -> 0 | P11: ='Feeders Raw Data'!BJ11-'Feeders Raw Data'!BT11 -> 0 | Q11: ='Feeders Raw Data'!BK11-'Feeders Raw Data'!BU11 -> 0 | R11: ='Feeders Raw Data'!BL11-'Feeders Raw Data'!BV11 -> 0 | S11: ='Feeders Raw Data'!BM11-'Feeders Raw Data'!BW11 -> 0 | T11: ='Feeders Raw Data'!BQ11&" - "&'Feeders Raw Data'!CA11 -> - | V11: ='Feeders Raw Data'!K11 -> 0 | W11: ='Feeders Raw Data'!L11-'Feeders Raw Data'!V11 -> 0 | X11: ='Feeders Raw Data'!M11-'Feeders Raw Data'!W11 -> 0 | Y11: ='Feeders Raw Data'!N11-'Feeders Raw Data'!X11 -> 0 | Z11: ='Feeders Raw Data'!O11-'Feeders Raw Data'!Y11 -> 0 | AA11: ='Feeders Raw Data'!S11&" - "&'Feeders Raw Data'!AC11 -> - | AC11: ='Feeders Raw Data'!U11 -> 0 | AD11: ='Feeders Raw Data'!V11-'Feeders Raw Data'!AF11 -> 0 | AE11: ='Feeders Raw Data'!W11-'Feeders Raw Data'!AG11 -> 0 | AF11: ='Feeders Raw Data'!X11-'Feeders Raw Data'!AH11 -> 0 | AG11: ='Feeders Raw Data'!Y11-'Feeders Raw Data'!AI11 -> 0 | AH11: ='Feeders Raw Data'!AC11&" - "&'Feeders Raw Data'!AM11 -> - | AJ11: ='Feeders Raw Data'!AO11 -> 0 | AK11: ='Feeders Raw Data'!AP11-'Feeders Raw Data'!AZ11 -> 0 | AL11: ='Feeders Raw Data'!AQ11-'Feeders Raw Data'!BA11 -> 0 | AM11: ='Feeders Raw Data'!AR11-'Feeders Raw Data'!BB11 -> 0 | AN11: ='Feeders Raw Data'!AS11-'Feeders Raw Data'!BC11 -> 0 | AO11: ='Feeders Raw Data'!AW11&" - "&'Feeders Raw Data'!BG11 -> - | AQ11: ='Feeders Raw Data'!AY11 -> 0 | AR11: ='Feeders Raw Data'!AZ11-'Feeders Raw Data'!BJ11 -> 0 | AS11: ='Feeders Raw Data'!BA11-'Feeders Raw Data'!BK11 -> 0 | AT11: ='Feeders Raw Data'!BB11-'Feeders Raw Data'!BL11 -> 0 | AU11: ='Feeders Raw Data'!BC11-'Feeders Raw Data'!BM11 -> 0 | AV11: ='Feeders Raw Data'!BG11&" - "&'Feeders Raw Data'!BQ11 -> - | AX11: ='Feeders Raw Data'!BS11 -> 0 | AY11: ='Feeders Raw Data'!BT11-'Feeders Raw Data'!B11 -> 0 | AZ11: ='Feeders Raw Data'!BU11-'Feeders Raw Data'!C11 -> 0 | BA11: ='Feeders Raw Data'!BV11-'Feeders Raw Data'!D11 -> 0 | BB11: ='Feeders Raw Data'!BW11-'Feeders Raw Data'!E11 -> 0 | BC11: ='Feeders Raw Data'!CA11&" - "&'Feeders Raw Data'!I11 -> -
A12: ='Feeders Raw Data'!A12 -> 0 | B12: ='Feeders Raw Data'!B12-'Feeders Raw Data'!L12 -> 0 | C12: ='Feeders Raw Data'!C12-'Feeders Raw Data'!M12 -> 0 | D12: ='Feeders Raw Data'!D12-'Feeders Raw Data'!N12 -> 0 | E12: ='Feeders Raw Data'!E12-'Feeders Raw Data'!O12 -> 0 | F12: ='Feeders Raw Data'!I12&" - "&'Feeders Raw Data'!S12 -> - | H12: ='Feeders Raw Data'!AE12 -> 0 | I12: ='Feeders Raw Data'!AF12-'Feeders Raw Data'!AP12 -> 0 | J12: ='Feeders Raw Data'!AG12-'Feeders Raw Data'!AQ12 -> 0 | K12: ='Feeders Raw Data'!AH12-'Feeders Raw Data'!AR12 -> 0 | L12: ='Feeders Raw Data'!AI12-'Feeders Raw Data'!AS12 -> 0 | M12: ='Feeders Raw Data'!AM12&" - "&'Feeders Raw Data'!AW12 -> - | O12: ='Feeders Raw Data'!BI12 -> 0 | P12: ='Feeders Raw Data'!BJ12-'Feeders Raw Data'!BT12 -> 0 | Q12: ='Feeders Raw Data'!BK12-'Feeders Raw Data'!BU12 -> 0 | R12: ='Feeders Raw Data'!BL12-'Feeders Raw Data'!BV12 -> 0 | S12: ='Feeders Raw Data'!BM12-'Feeders Raw Data'!BW12 -> 0 | T12: ='Feeders Raw Data'!BQ12&" - "&'Feeders Raw Data'!CA12 -> - | V12: ='Feeders Raw Data'!K12 -> 0 | W12: ='Feeders Raw Data'!L12-'Feeders Raw Data'!V12 -> 0 | X12: ='Feeders Raw Data'!M12-'Feeders Raw Data'!W12 -> 0 | Y12: ='Feeders Raw Data'!N12-'Feeders Raw Data'!X12 -> 0 | Z12: ='Feeders Raw Data'!O12-'Feeders Raw Data'!Y12 -> 0 | AA12: ='Feeders Raw Data'!S12&" - "&'Feeders Raw Data'!AC12 -> - | AC12: ='Feeders Raw Data'!U12 -> 0 | AD12: ='Feeders Raw Data'!V12-'Feeders Raw Data'!AF12 -> 0 | AE12: ='Feeders Raw Data'!W12-'Feeders Raw Data'!AG12 -> 0 | AF12: ='Feeders Raw Data'!X12-'Feeders Raw Data'!AH12 -> 0 | AG12: ='Feeders Raw Data'!Y12-'Feeders Raw Data'!AI12 -> 0 | AH12: ='Feeders Raw Data'!AC12&" - "&'Feeders Raw Data'!AM12 -> - | AJ12: ='Feeders Raw Data'!AO12 -> 0 | AK12: ='Feeders Raw Data'!AP12-'Feeders Raw Data'!AZ12 -> 0 | AL12: ='Feeders Raw Data'!AQ12-'Feeders Raw Data'!BA12 -> 0 | AM12: ='Feeders Raw Data'!AR12-'Feeders Raw Data'!BB12 -> 0 | AN12: ='Feeders Raw Data'!AS12-'Feeders Raw Data'!BC12 -> 0 | AO12: ='Feeders Raw Data'!AW12&" - "&'Feeders Raw Data'!BG12 -> - | AQ12: ='Feeders Raw Data'!AY12 -> 0 | AR12: ='Feeders Raw Data'!AZ12-'Feeders Raw Data'!BJ12 -> 0 | AS12: ='Feeders Raw Data'!BA12-'Feeders Raw Data'!BK12 -> 0 | AT12: ='Feeders Raw Data'!BB12-'Feeders Raw Data'!BL12 -> 0 | AU12: ='Feeders Raw Data'!BC12-'Feeders Raw Data'!BM12 -> 0 | AV12: ='Feeders Raw Data'!BG12&" - "&'Feeders Raw Data'!BQ12 -> - | AX12: ='Feeders Raw Data'!BS12 -> 0 | AY12: ='Feeders Raw Data'!BT12-'Feeders Raw Data'!B12 -> 0 | AZ12: ='Feeders Raw Data'!BU12-'Feeders Raw Data'!C12 -> 0 | BA12: ='Feeders Raw Data'!BV12-'Feeders Raw Data'!D12 -> 0 | BB12: ='Feeders Raw Data'!BW12-'Feeders Raw Data'!E12 -> 0 | BC12: ='Feeders Raw Data'!CA12&" - "&'Feeders Raw Data'!I12 -> -
A13: ='Feeders Raw Data'!A13 -> 0 | B13: ='Feeders Raw Data'!B13-'Feeders Raw Data'!L13 -> 0 | C13: ='Feeders Raw Data'!C13-'Feeders Raw Data'!M13 -> 0 | D13: ='Feeders Raw Data'!D13-'Feeders Raw Data'!N13 -> 0 | E13: ='Feeders Raw Data'!E13-'Feeders Raw Data'!O13 -> 0 | F13: ='Feeders Raw Data'!I13&" - "&'Feeders Raw Data'!S13 -> - | H13: ='Feeders Raw Data'!AE13 -> 0 | I13: ='Feeders Raw Data'!AF13-'Feeders Raw Data'!AP13 -> 0 | J13: ='Feeders Raw Data'!AG13-'Feeders Raw Data'!AQ13 -> 0 | K13: ='Feeders Raw Data'!AH13-'Feeders Raw Data'!AR13 -> 0 | L13: ='Feeders Raw Data'!AI13-'Feeders Raw Data'!AS13 -> 0 | M13: ='Feeders Raw Data'!AM13&" - "&'Feeders Raw Data'!AW13 -> - | O13: ='Feeders Raw Data'!BI13 -> 0 | P13: ='Feeders Raw Data'!BJ13-'Feeders Raw Data'!BT13 -> 0 | Q13: ='Feeders Raw Data'!BK13-'Feeders Raw Data'!BU13 -> 0 | R13: ='Feeders Raw Data'!BL13-'Feeders Raw Data'!BV13 -> 0 | S13: ='Feeders Raw Data'!BM13-'Feeders Raw Data'!BW13 -> 0 | T13: ='Feeders Raw Data'!BQ13&" - "&'Feeders Raw Data'!CA13 -> - | V13: ='Feeders Raw Data'!K13 -> 0 | W13: ='Feeders Raw Data'!L13-'Feeders Raw Data'!V13 -> 0 | X13: ='Feeders Raw Data'!M13-'Feeders Raw Data'!W13 -> 0 | Y13: ='Feeders Raw Data'!N13-'Feeders Raw Data'!X13 -> 0 | Z13: ='Feeders Raw Data'!O13-'Feeders Raw Data'!Y13 -> 0 | AA13: ='Feeders Raw Data'!S13&" - "&'Feeders Raw Data'!AC13 -> - | AC13: ='Feeders Raw Data'!U13 -> 0 | AD13: ='Feeders Raw Data'!V13-'Feeders Raw Data'!AF13 -> 0 | AE13: ='Feeders Raw Data'!W13-'Feeders Raw Data'!AG13 -> 0 | AF13: ='Feeders Raw Data'!X13-'Feeders Raw Data'!AH13 -> 0 | AG13: ='Feeders Raw Data'!Y13-'Feeders Raw Data'!AI13 -> 0 | AH13: ='Feeders Raw Data'!AC13&" - "&'Feeders Raw Data'!AM13 -> - | AJ13: ='Feeders Raw Data'!AO13 -> 0 | AK13: ='Feeders Raw Data'!AP13-'Feeders Raw Data'!AZ13 -> 0 | AL13: ='Feeders Raw Data'!AQ13-'Feeders Raw Data'!BA13 -> 0 | AM13: ='Feeders Raw Data'!AR13-'Feeders Raw Data'!BB13 -> 0 | AN13: ='Feeders Raw Data'!AS13-'Feeders Raw Data'!BC13 -> 0 | AO13: ='Feeders Raw Data'!AW13&" - "&'Feeders Raw Data'!BG13 -> - | AQ13: ='Feeders Raw Data'!AY13 -> 0 | AR13: ='Feeders Raw Data'!AZ13-'Feeders Raw Data'!BJ13 -> 0 | AS13: ='Feeders Raw Data'!BA13-'Feeders Raw Data'!BK13 -> 0 | AT13: ='Feeders Raw Data'!BB13-'Feeders Raw Data'!BL13 -> 0 | AU13: ='Feeders Raw Data'!BC13-'Feeders Raw Data'!BM13 -> 0 | AV13: ='Feeders Raw Data'!BG13&" - "&'Feeders Raw Data'!BQ13 -> - | AX13: ='Feeders Raw Data'!BS13 -> 0 | AY13: ='Feeders Raw Data'!BT13-'Feeders Raw Data'!B13 -> 0 | AZ13: ='Feeders Raw Data'!BU13-'Feeders Raw Data'!C13 -> 0 | BA13: ='Feeders Raw Data'!BV13-'Feeders Raw Data'!D13 -> 0 | BB13: ='Feeders Raw Data'!BW13-'Feeders Raw Data'!E13 -> 0 | BC13: ='Feeders Raw Data'!CA13&" - "&'Feeders Raw Data'!I13 -> -
A14: ='Feeders Raw Data'!A14 -> 0 | B14: ='Feeders Raw Data'!B14-'Feeders Raw Data'!L14 -> 0 | C14: ='Feeders Raw Data'!C14-'Feeders Raw Data'!M14 -> 0 | D14: ='Feeders Raw Data'!D14-'Feeders Raw Data'!N14 -> 0 | E14: ='Feeders Raw Data'!E14-'Feeders Raw Data'!O14 -> 0 | F14: ='Feeders Raw Data'!I14&" - "&'Feeders Raw Data'!S14 -> - | H14: ='Feeders Raw Data'!AE14 -> 0 | I14: ='Feeders Raw Data'!AF14-'Feeders Raw Data'!AP14 -> 0 | J14: ='Feeders Raw Data'!AG14-'Feeders Raw Data'!AQ14 -> 0 | K14: ='Feeders Raw Data'!AH14-'Feeders Raw Data'!AR14 -> 0 | L14: ='Feeders Raw Data'!AI14-'Feeders Raw Data'!AS14 -> 0 | M14: ='Feeders Raw Data'!AM14&" - "&'Feeders Raw Data'!AW14 -> - | O14: ='Feeders Raw Data'!BI14 -> 0 | P14: ='Feeders Raw Data'!BJ14-'Feeders Raw Data'!BT14 -> 0 | Q14: ='Feeders Raw Data'!BK14-'Feeders Raw Data'!BU14 -> 0 | R14: ='Feeders Raw Data'!BL14-'Feeders Raw Data'!BV14 -> 0 | S14: ='Feeders Raw Data'!BM14-'Feeders Raw Data'!BW14 -> 0 | T14: ='Feeders Raw Data'!BQ14&" - "&'Feeders Raw Data'!CA14 -> - | V14: ='Feeders Raw Data'!K14 -> 0 | W14: ='Feeders Raw Data'!L14-'Feeders Raw Data'!V14 -> 0 | X14: ='Feeders Raw Data'!M14-'Feeders Raw Data'!W14 -> 0 | Y14: ='Feeders Raw Data'!N14-'Feeders Raw Data'!X14 -> 0 | Z14: ='Feeders Raw Data'!O14-'Feeders Raw Data'!Y14 -> 0 | AA14: ='Feeders Raw Data'!S14&" - "&'Feeders Raw Data'!AC14 -> - | AC14: ='Feeders Raw Data'!U14 -> 0 | AD14: ='Feeders Raw Data'!V14-'Feeders Raw Data'!AF14 -> 0 | AE14: ='Feeders Raw Data'!W14-'Feeders Raw Data'!AG14 -> 0 | AF14: ='Feeders Raw Data'!X14-'Feeders Raw Data'!AH14 -> 0 | AG14: ='Feeders Raw Data'!Y14-'Feeders Raw Data'!AI14 -> 0 | AH14: ='Feeders Raw Data'!AC14&" - "&'Feeders Raw Data'!AM14 -> - | AJ14: ='Feeders Raw Data'!AO14 -> 0 | AK14: ='Feeders Raw Data'!AP14-'Feeders Raw Data'!AZ14 -> 0 | AL14: ='Feeders Raw Data'!AQ14-'Feeders Raw Data'!BA14 -> 0 | AM14: ='Feeders Raw Data'!AR14-'Feeders Raw Data'!BB14 -> 0 | AN14: ='Feeders Raw Data'!AS14-'Feeders Raw Data'!BC14 -> 0 | AO14: ='Feeders Raw Data'!AW14&" - "&'Feeders Raw Data'!BG14 -> - | AQ14: ='Feeders Raw Data'!AY14 -> 0 | AR14: ='Feeders Raw Data'!AZ14-'Feeders Raw Data'!BJ14 -> 0 | AS14: ='Feeders Raw Data'!BA14-'Feeders Raw Data'!BK14 -> 0 | AT14: ='Feeders Raw Data'!BB14-'Feeders Raw Data'!BL14 -> 0 | AU14: ='Feeders Raw Data'!BC14-'Feeders Raw Data'!BM14 -> 0 | AV14: ='Feeders Raw Data'!BG14&" - "&'Feeders Raw Data'!BQ14 -> - | AX14: ='Feeders Raw Data'!BS14 -> 0 | AY14: ='Feeders Raw Data'!BT14-'Feeders Raw Data'!B14 -> 0 | AZ14: ='Feeders Raw Data'!BU14-'Feeders Raw Data'!C14 -> 0 | BA14: ='Feeders Raw Data'!BV14-'Feeders Raw Data'!D14 -> 0 | BB14: ='Feeders Raw Data'!BW14-'Feeders Raw Data'!E14 -> 0 | BC14: ='Feeders Raw Data'!CA14&" - "&'Feeders Raw Data'!I14 -> -
... A120: ='Feeders Raw Data'!A120 -> 0 | B120: ='Feeders Raw Data'!B120-'Feeders Raw Data'!L120 -> 0 | C120: ='Feeders Raw Data'!C120-'Feeders Raw Data'!M120 -> 0 | D120: ='Feeders Raw Data'!D120-'Feeders Raw Data'!N120 -> 0 | E120: ='Feeders Raw Data'!E120-'Feeders Raw Data'!O120 -> 0 | F120: ='Feeders Raw Data'!I120&" - "&'Feeders Raw Data'!S120 -> - | H120: ='Feeders Raw Data'!AE120 -> 0 | I120: ='Feeders Raw Data'!AF120-'Feeders Raw Data'!AP120 -> 0 | J120: ='Feeders Raw Data'!AG120-'Feeders Raw Data'!AQ120 -> 0 | K120: ='Feeders Raw Data'!AH120-'Feeders Raw Data'!AR120 -> 0 | L120: ='Feeders Raw Data'!AI120-'Feeders Raw Data'!AS120 -> 0 | M120: ='Feeders Raw Data'!AM120&" - "&'Feeders Raw Data'!AW120 -> - | O120: ='Feeders Raw Data'!BI120 -> 0 | P120: ='Feeders Raw Data'!BJ120-'Feeders Raw Data'!BT120 -> 0 | Q120: ='Feeders Raw Data'!BK120-'Feeders Raw Data'!BU120 -> 0 | R120: ='Feeders Raw Data'!BL120-'Feeders Raw Data'!BV120 -> 0 | S120: ='Feeders Raw Data'!BM120-'Feeders Raw Data'!BW120 -> 0 | T120: ='Feeders Raw Data'!BQ120&" - "&'Feeders Raw Data'!CA120 -> - | V120: ='Feeders Raw Data'!K120 -> 0 | W120: ='Feeders Raw Data'!L120-'Feeders Raw Data'!V120 -> 0 | X120: ='Feeders Raw Data'!M120-'Feeders Raw Data'!W120 -> 0 | Y120: ='Feeders Raw Data'!N120-'Feeders Raw Data'!X120 -> 0 | Z120: ='Feeders Raw Data'!O120-'Feeders Raw Data'!Y120 -> 0 | AA120: ='Feeders Raw Data'!S120&" - "&'Feeders Raw Data'!AC120 -> - | AC120: ='Feeders Raw Data'!U120 -> 0 | AD120: ='Feeders Raw Data'!V120-'Feeders Raw Data'!AF120 -> 0 | AE120: ='Feeders Raw Data'!W120-'Feeders Raw Data'!AG120 -> 0 | AF120: ='Feeders Raw Data'!X120-'Feeders Raw Data'!AH120 -> 0 | AG120: ='Feeders Raw Data'!Y120-'Feeders Raw Data'!AI120 -> 0 | AH120: ='Feeders Raw Data'!AC120&" - "&'Feeders Raw Data'!AM120 -> - | AJ120: ='Feeders Raw Data'!AO120 -> 0 | AK120: ='Feeders Raw Data'!AP120-'Feeders Raw Data'!AZ120 -> 0 | AL120: ='Feeders Raw Data'!AQ120-'Feeders Raw Data'!BA120 -> 0 | AM120: ='Feeders Raw Data'!AR120-'Feeders Raw Data'!BB120 -> 0 | AN120: ='Feeders Raw Data'!AS120-'Feeders Raw Data'!BC120 -> 0 | AO120: ='Feeders Raw Data'!AW120&" - "&'Feeders Raw Data'!BG120 -> - | AQ120: ='Feeders Raw Data'!AY120 -> 0 | AR120: ='Feeders Raw Data'!AZ120-'Feeders Raw Data'!BJ120 -> 0 | AS120: ='Feeders Raw Data'!BA120-'Feeders Raw Data'!BK120 -> 0 | AT120: ='Feeders Raw Data'!BB120-'Feeders Raw Data'!BL120 -> 0 | AU120: ='Feeders Raw Data'!BC120-'Feeders Raw Data'!BM120 -> 0 | AV120: ='Feeders Raw Data'!BG120&" - "&'Feeders Raw Data'!BQ120 -> - | AX120: ='Feeders Raw Data'!BS120 -> 0 | AY120: ='Feeders Raw Data'!BT120-'Feeders Raw Data'!B120 -> 0 | AZ120: ='Feeders Raw Data'!BU120-'Feeders Raw Data'!C120 -> 0 | BA120: ='Feeders Raw Data'!BV120-'Feeders Raw Data'!D120 -> 0 | BB120: ='Feeders Raw Data'!BW120-'Feeders Raw Data'!E120 -> 0 | BC120: ='Feeders Raw Data'!CA120&" - "&'Feeders Raw Data'!I120 -> -

Sheet Spread Context.Signal
A1: Live Cattle (LE) Calendar Spreads
A3: Spread Type | B3: Common Name | C3: Calculation (Nearby - Deferred) | D3: 2026 Context/Signal
A4: Adjacent | B4: April/June | C4: LEJ2026 - LEM2026 | D4: Signals if the spring peak is on schedule; LEJ settled at $258.475.
A5: Adjacent | B5: June/August | C5: LEM2026 - LEQ2026 | D5: Summer beef barometer; currently a $5.075 premium.
A6: Adjacent | B6: August/October | C6: LEQ2026 - LEV2026 | D6: "Fall run" barometer; currently well above 5-year highs.
A7: Adjacent | B7: October/December | C7: LEV2026 - LEZ2026 | D7: Powerful indicator of fall scarcity; inversion signals desperate packer bidding.
A8: Adjacent | B8: December/February | C8: LEZ2026 - LEG2027 | D8: Year-end roll driver; reconciles holiday demand with the Q1 pipeline.
A9: Adjacent | B9: February/April | C9: LEG2027 - LEJ2027 | D9: Winter-to-spring demand transition diagnostic.
A10: Skip-Month | B10: August/December | C10: LEQ2026 - LEZ2026 | D10: CRITICAL: Most reliable regime-change indicator; expanded to a $6.20 inversion.
A11: Skip-Month | B11: February/June | C11: LEG2027 - LEM2027 | D11: Long-term structural indicator for the 2027 rebuilding phase.
A12: Skip-Month | B12: April/August | C12: LEJ2026 - LEQ2026 | D12: Used as a coarse indicator of multi-year regime shifts.
A14: Feeder Cattle (GF) Calendar Spreads
A16: Spread Type | B16: Common Name | C16: Calculation (Nearby - Deferred) | D16: 2026 Context/Signal
A17: Missing Link | B17: November/January | C17: GFX2026 - GFF2027 | D17: Closes the annual cycle; holds a $5.93 November premium.
A18: Grass Fever | B18: January/March | C18: GFF2027 - GFH2027 | D18: Diagnostic for spring grazing demand; reflects early pen filling.
A19: Cross-Seasonal | B19: May/August | C19: GFK2026 - GFQ2026 | D19: Anomalous near-parity ($371.40 vs. $372.175).
A20: Peak Fall Run | B20: October/November | C20: GFV2026 - GFX2026 | D20: Signals calf volume; currently a ~$3.00 November discount.
A21: Placement-Speed | B21: March/April | C21: GFH2027 - GFJ2027 | D21: Tracks how quickly cattle move off winter backgrounding.
A22: Placement-Speed | B22: April/May | C22: GFJ2027 - GFK2027 | D22: Signals feedlot capacity and late-spring feeder demand.
A23: Yearling Run | B23: August/September | C23: GFQ2026 - GFU2026 | D23: Late-summer yearling run; reflects cost-of-gain and corn volatility.
A24: Yearling Run | B24: September/October | C24: GFU2026 - GFV2026 | D24: Transition from yearlings to freshly weaned calves.

Sheet Spread Calcs
A1: LEJ-LEM | L1: LEM-LEQ | W1: LEQ-LEZ | AH1: LEQ-LEV | AS1: LEG-LEJ | BD1: LEV-LEZ | BO1: LEZ-LEG | BZ1: GFF-GFH | CK1: GFX-GFF | CV1: GFK-GFQ | DG1: GFV-GFX | DR1: GFH-GFJ | EC1: GFJ-GFK | EN1: GFQ-GFU | EY1: GFU-GFV | FJ1: LEG-LEM | FU1: LEJ-LEQ
A2: Date | B2: ZScore_Full | C2: ROC_5D | D2: ROC_10D | E2: BB_Upper_20 | F2: BB_Lower_20 | G2: BB_PctB | H2: BB_Width | I2: RSI_14 | J2: Vol_20D | L2: Date | M2: ZScore_Full | N2: ROC_5D | O2: ROC_10D | P2: BB_Upper_20 | Q2: BB_Lower_20 | R2: BB_PctB | S2: BB_Width | T2: RSI_14 | U2: Vol_20D | W2: Date | X2: ZScore_Full | Y2: ROC_5D | Z2: ROC_10D | AA2: BB_Upper_20 | AB2: BB_Lower_20 | AC2: BB_PctB | AD2: BB_Width | AE2: RSI_14 | AF2: Vol_20D | AH2: Date | AI2: ZScore_Full | AJ2: ROC_5D | AK2: ROC_10D | AL2: BB_Upper_20 | AM2: BB_Lower_20 | AN2: BB_PctB | AO2: BB_Width | AP2: RSI_14 | AQ2: Vol_20D | AS2: Date | AT2: ZScore_Full | AU2: ROC_5D | AV2: ROC_10D | AW2: BB_Upper_20 | AX2: BB_Lower_20 | AY2: BB_PctB | AZ2: BB_Width | BA2: RSI_14 | BB2: Vol_20D | BD2: Date | BE2: ZScore_Full | BF2: ROC_5D | BG2: ROC_10D | BH2: BB_Upper_20 | BI2: BB_Lower_20 | BJ2: BB_PctB | BK2: BB_Width | BL2: RSI_14 | BM2: Vol_20D | BO2: Date | BP2: ZScore_Full | BQ2: ROC_5D | BR2: ROC_10D | BS2: BB_Upper_20 | BT2: BB_Lower_20 | BU2: BB_PctB | BV2: BB_Width | BW2: RSI_14 | BX2: Vol_20D | BZ2: Date | CA2: ZScore_Full | CB2: ROC_5D | CC2: ROC_10D | CD2: BB_Upper_20 | CE2: BB_Lower_20 | CF2: BB_PctB | CG2: BB_Width | CH2: RSI_14 | CI2: Vol_20D | CK2: Date | CL2: ZScore_Full | CM2: ROC_5D | CN2: ROC_10D | CO2: BB_Upper_20 | CP2: BB_Lower_20 | CQ2: BB_PctB | CR2: BB_Width | CS2: RSI_14 | CT2: Vol_20D | CV2: Date | CW2: ZScore_Full | CX2: ROC_5D | CY2: ROC_10D | CZ2: BB_Upper_20 | DA2: BB_Lower_20 | DB2: BB_PctB | DC2: BB_Width | DD2: RSI_14 | DE2: Vol_20D | DG2: Date | DH2: ZScore_Full | DI2: ROC_5D | DJ2: ROC_10D | DK2: BB_Upper_20 | DL2: BB_Lower_20 | DM2: BB_PctB | DN2: BB_Width | DO2: RSI_14 | DP2: Vol_20D | DR2: Date | DS2: ZScore_Full | DT2: ROC_5D | DU2: ROC_10D | DV2: BB_Upper_20 | DW2: BB_Lower_20 | DX2: BB_PctB | DY2: BB_Width | DZ2: RSI_14 | EA2: Vol_20D | EC2: Date | ED2: ZScore_Full | EE2: ROC_5D | EF2: ROC_10D | EG2: BB_Upper_20 | EH2: BB_Lower_20 | EI2: BB_PctB | EJ2: BB_Width | EK2: RSI_14 | EL2: Vol_20D | EN2: Date | EO2: ZScore_Full | EP2: ROC_5D | EQ2: ROC_10D | ER2: BB_Upper_20 | ES2: BB_Lower_20 | ET2: BB_PctB | EU2: BB_Width | EV2: RSI_14 | EW2: Vol_20D | EY2: Date | EZ2: ZScore_Full | FA2: ROC_5D | FB2: ROC_10D | FC2: BB_Upper_20 | FD2: BB_Lower_20 | FE2: BB_PctB | FF2: BB_Width | FG2: RSI_14 | FH2: Vol_20D | FJ2: Date | FK2: ZScore_Full | FL2: ROC_5D | FM2: ROC_10D | FN2: BB_Upper_20 | FO2: BB_Lower_20 | FP2: BB_PctB | FQ2: BB_Width | FR2: RSI_14 | FS2: Vol_20D | FU2: Date | FV2: ZScore_Full | FW2: ROC_5D | FX2: ROC_10D | FY2: BB_Upper_20 | FZ2: BB_Lower_20 | GA2: BB_PctB | GB2: BB_Width | GC2: RSI_14 | GD2: Vol_20D
A3: =IFERROR('Fat Spreads'!A3,"") -> 46150 | B3: =IFERROR(('Fat Spreads'!B3-AVERAGE('Fat Spreads'!$B$3:$B$4308))/STDEV('Fat Spreads'!$B$3:$B$4308),"") -> -10.770723 | C3: =IFERROR('Fat Spreads'!B3-'Fat Spreads'!B8,"") -> -12.075 | D3: =IFERROR('Fat Spreads'!B3-'Fat Spreads'!B13,"") -> -12.075 | E3: =IFERROR(AVERAGE('Fat Spreads'!B3:B22)+2*STDEV('Fat Spreads'!B3:B22),"") -> 4.7963542 | F3: =IFERROR(AVERAGE('Fat Spreads'!B3:B22)-2*STDEV('Fat Spreads'!B3:B22),"") -> -6.0038542 | G3: =IFERROR(('Fat Spreads'!B3-(AVERAGE('Fat Spreads'!B3:B22)-2*STDEV('Fat Spreads'!B3:B22)))/(4*STDEV('Fat Spreads'!B3:B22)),"") -> -0.56213229 | H3: =IFERROR(4*STDEV('Fat Spreads'!B3:B22)/AVERAGE('Fat Spreads'!B3:B22),"") -> -17.888544 | I3: 20.5369 | J3: =IFERROR(SQRT((SUMSQ('Fat Spreads'!B3:B22)-2*SUMPRODUCT('Fat Spreads'!B3:B22,'Fat Spreads'!B4:B23)+SUMSQ('Fat Spreads'!B4:B23)-('Fat Spreads'!B3-'Fat Spreads'!B23)^2/20)/19),"") -> 2.7000521 | L3: =IFERROR('Fat Spreads'!H3,"") -> 46150 | M3: =IFERROR(('Fat Spreads'!I3-AVERAGE('Fat Spreads'!$I$3:$I$4308))/STDEV('Fat Spreads'!$I$3:$I$4308),"") -> 10.770723 | N3: =IFERROR('Fat Spreads'!I3-'Fat Spreads'!I8,"") -> 4.8 | O3: =IFERROR('Fat Spreads'!I3-'Fat Spreads'!I13,"") -> 4.8 | P3: =IFERROR(AVERAGE('Fat Spreads'!I3:I22)+2*STDEV('Fat Spreads'!I3:I22),"") -> 2.3866253 | Q3: =IFERROR(AVERAGE('Fat Spreads'!I3:I22)-2*STDEV('Fat Spreads'!I3:I22),"") -> -1.9066253 | R3: =IFERROR(('Fat Spreads'!I3-(AVERAGE('Fat Spreads'!I3:I22)-2*STDEV('Fat Spreads'!I3:I22)))/(4*STDEV('Fat Spreads'!I3:I22)),"") -> 1.5621323 | S3: =IFERROR(4*STDEV('Fat Spreads'!I3:I22)/AVERAGE('Fat Spreads'!I3:I22),"") -> 17.888544 | T3: 67.8377 | U3: =IFERROR(SQRT((SUMSQ('Fat Spreads'!I3:I22)-2*SUMPRODUCT('Fat Spreads'!I3:I22,'Fat Spreads'!I4:I23)+SUMSQ('Fat Spreads'!I4:I23)-('Fat Spreads'!I3-'Fat Spreads'!I23)^2/20)/19),"") -> 1.0733126 | W3: =IFERROR('Fat Spreads'!AQ3,"") -> 46150 | X3: =IFERROR(('Fat Spreads'!AR3-AVERAGE('Fat Spreads'!$AR$3:$AR$4308))/STDEV('Fat Spreads'!$AR$3:$AR$4308),"") -> 10.770723 | Y3: =IFERROR('Fat Spreads'!AR3-'Fat Spreads'!AR8,"") -> 6.575 | Z3: =IFERROR('Fat Spreads'!AR3-'Fat Spreads'!AR13,"") -> 6.575 | AA3: =IFERROR(AVERAGE('Fat Spreads'!AR3:AR22)+2*STDEV('Fat Spreads'!AR3:AR22),"") -> 3.2691794 | AB3: =IFERROR(AVERAGE('Fat Spreads'!AR3:AR22)-2*STDEV('Fat Spreads'!AR3:AR22),"") -> -2.6116794 | AC3: =IFERROR(('Fat Spreads'!AR3-(AVERAGE('Fat Spreads'!AR3:AR22)-2*STDEV('Fat Spreads'!AR3:AR22)))/(4*STDEV('Fat Spreads'!AR3:AR22)),"") -> 1.5621323 | AD3: =IFERROR(4*STDEV('Fat Spreads'!AR3:AR22)/AVERAGE('Fat Spreads'!AR3:AR22),"") -> 17.888544 | AE3: 61.161 | AF3: =IFERROR(SQRT((SUMSQ('Fat Spreads'!AR3:AR22)-2*SUMPRODUCT('Fat Spreads'!AR3:AR22,'Fat Spreads'!AR4:AR23)+SUMSQ('Fat Spreads'!AR4:AR23)-('Fat Spreads'!AR3-'Fat Spreads'!AR23)^2/20)/19),"") -> 1.4702147 | AH3: =IFERROR('Fat Spreads'!O3,"") -> 46150 | AI3: =IFERROR(('Fat Spreads'!P3-AVERAGE('Fat Spreads'!$P$3:$P$4308))/STDEV('Fat Spreads'!$P$3:$P$4308),"") -> 10.770723 | AJ3: =IFERROR('Fat Spreads'!P3-'Fat Spreads'!P8,"") -> 5.8 | AK3: =IFERROR('Fat Spreads'!P3-'Fat Spreads'!P13,"") -> 5.8 | AL3: =IFERROR(AVERAGE('Fat Spreads'!P3:P22)+2*STDEV('Fat Spreads'!P3:P22),"") -> 2.8838389 | AM3: =IFERROR(AVERAGE('Fat Spreads'!P3:P22)-2*STDEV('Fat Spreads'!P3:P22),"") -> -2.3038389 | AN3: =IFERROR(('Fat Spreads'!P3-(AVERAGE('Fat Spreads'!P3:P22)-2*STDEV('Fat Spreads'!P3:P22)))/(4*STDEV('Fat Spreads'!P3:P22)),"") -> 1.5621323 | AO3: =IFERROR(4*STDEV('Fat Spreads'!P3:P22)/AVERAGE('Fat Spreads'!P3:P22),"") -> 17.888544 | AP3: 63.1645 | AQ3: =IFERROR(SQRT((SUMSQ('Fat Spreads'!P3:P22)-2*SUMPRODUCT('Fat Spreads'!P3:P22,'Fat Spreads'!P4:P23)+SUMSQ('Fat Spreads'!P4:P23)-('Fat Spreads'!P3-'Fat Spreads'!P23)^2/20)/19),"") -> 1.2969194 | AS3: =IFERROR('Fat Spreads'!AJ3,"") -> 46150 | AT3: =IFERROR(('Fat Spreads'!AK3-AVERAGE('Fat Spreads'!$AK$3:$AK$4308))/STDEV('Fat Spreads'!$AK$3:$AK$4308),"") -> 10.770723 | AU3: =IFERROR('Fat Spreads'!AK3-'Fat Spreads'!AK8,"") -> 0.625 | AV3: =IFERROR('Fat Spreads'!AK3-'Fat Spreads'!AK13,"") -> 0.625 | AW3: =IFERROR(AVERAGE('Fat Spreads'!AK3:AK22)+2*STDEV('Fat Spreads'!AK3:AK22),"") -> 0.3107585 | AX3: =IFERROR(AVERAGE('Fat Spreads'!AK3:AK22)-2*STDEV('Fat Spreads'!AK3:AK22),"") -> -0.2482585 | AY3: =IFERROR(('Fat Spreads'!AK3-(AVERAGE('Fat Spreads'!AK3:AK22)-2*STDEV('Fat Spreads'!AK3:AK22)))/(4*STDEV('Fat Spreads'!AK3:AK22)),"") -> 1.5621323 | AZ3: =IFERROR(4*STDEV('Fat Spreads'!AK3:AK22)/AVERAGE('Fat Spreads'!AK3:AK22),"") -> 17.888544 | BA3: 69.8592 | BB3: =IFERROR(SQRT((SUMSQ('Fat Spreads'!AK3:AK22)-2*SUMPRODUCT('Fat Spreads'!AK3:AK22,'Fat Spreads'!AK4:AK23)+SUMSQ('Fat Spreads'!AK4:AK23)-('Fat Spreads'!AK3-'Fat Spreads'!AK23)^2/20)/19),"") -> 0.13975425 | BD3: =IFERROR('Fat Spreads'!V3,"") -> 46150 | BE3: =IFERROR(('Fat Spreads'!W3-AVERAGE('Fat Spreads'!$W$3:$W$4308))/STDEV('Fat Spreads'!$W$3:$W$4308),"") -> 10.770723 | BF3: =IFERROR('Fat Spreads'!W3-'Fat Spreads'!W8,"") -> 0.775 | BG3: =IFERROR('Fat Spreads'!W3-'Fat Spreads'!W13,"") -> 0.775 | BH3: =IFERROR(AVERAGE('Fat Spreads'!W3:W22)+2*STDEV('Fat Spreads'!W3:W22),"") -> 0.38534054 | BI3: =IFERROR(AVERAGE('Fat Spreads'!W3:W22)-2*STDEV('Fat Spreads'!W3:W22),"") -> -0.30784054 | BJ3: =IFERROR(('Fat Spreads'!W3-(AVERAGE('Fat Spreads'!W3:W22)-2*STDEV('Fat Spreads'!W3:W22)))/(4*STDEV('Fat Spreads'!W3:W22)),"") -> 1.5621323 | BK3: =IFERROR(4*STDEV('Fat Spreads'!W3:W22)/AVERAGE('Fat Spreads'!W3:W22),"") -> 17.888544 | BL3: 52.7766 | BM3: =IFERROR(SQRT((SUMSQ('Fat Spreads'!W3:W22)-2*SUMPRODUCT('Fat Spreads'!W3:W22,'Fat Spreads'!W4:W23)+SUMSQ('Fat Spreads'!W4:W23)-('Fat Spreads'!W3-'Fat Spreads'!W23)^2/20)/19),"") -> 0.17329527 | BO3: =IFERROR('Fat Spreads'!AC3,"") -> 46150 | BP3: =IFERROR(('Fat Spreads'!AD3-AVERAGE('Fat Spreads'!$AD$3:$AD$4308))/STDEV('Fat Spreads'!$AD$3:$AD$4308),"") -> 10.770723 | BQ3: =IFERROR('Fat Spreads'!AD3-'Fat Spreads'!AD8,"") -> 0.075 | BR3: =IFERROR('Fat Spreads'!AD3-'Fat Spreads'!AD13,"") -> 0.075 | BS3: =IFERROR(AVERAGE('Fat Spreads'!AD3:AD22)+2*STDEV('Fat Spreads'!AD3:AD22),"") -> 0.03729102 | BT3: =IFERROR(AVERAGE('Fat Spreads'!AD3:AD22)-2*STDEV('Fat Spreads'!AD3:AD22),"") -> -0.02979102 | BU3: =IFERROR(('Fat Spreads'!AD3-(AVERAGE('Fat Spreads'!AD3:AD22)-2*STDEV('Fat Spreads'!AD3:AD22)))/(4*STDEV('Fat Spreads'!AD3:AD22)),"") -> 1.5621323 | BV3: =IFERROR(4*STDEV('Fat Spreads'!AD3:AD22)/AVERAGE('Fat Spreads'!AD3:AD22),"") -> 17.888544 | BW3: 54.0402 | BX3: =IFERROR(SQRT((SUMSQ('Fat Spreads'!AD3:AD22)-2*SUMPRODUCT('Fat Spreads'!AD3:AD22,'Fat Spreads'!AD4:AD23)+SUMSQ('Fat Spreads'!AD4:AD23)-('Fat Spreads'!AD3-'Fat Spreads'!AD23)^2/20)/19),"") -> 0.01677051 | BZ3: =IFERROR('Feeder Spreads'!A3,"") -> 46150 | CA3: =IFERROR(('Feeder Spreads'!B3-AVERAGE('Feeder Spreads'!$B$3:$B$4308))/STDEV('Feeder Spreads'!$B$3:$B$4308),"") -> 10.770723 | CB3: =IFERROR('Feeder Spreads'!B3-'Feeder Spreads'!B8,"") -> 4.45 | CC3: =IFERROR('Feeder Spreads'!B3-'Feeder Spreads'!B13,"") -> 4.45 | CD3: =IFERROR(AVERAGE('Feeder Spreads'!B3:B22)+2*STDEV('Feeder Spreads'!B3:B22),"") -> 2.2126005 | CE3: =IFERROR(AVERAGE('Feeder Spreads'!B3:B22)-2*STDEV('Feeder Spreads'!B3:B22),"") -> -1.7676005 | CF3: =IFERROR(('Feeder Spreads'!B3-(AVERAGE('Feeder Spreads'!B3:B22)-2*STDEV('Feeder Spreads'!B3:B22)))/(4*STDEV('Feeder Spreads'!B3:B22)),"") -> 1.5621323 | CG3: =IFERROR(4*STDEV('Feeder Spreads'!B3:B22)/AVERAGE('Feeder Spreads'!B3:B22),"") -> 17.888544 | CH3: 56.6908 | CI3: =IFERROR(SQRT((SUMSQ('Feeder Spreads'!B3:B22)-2*SUMPRODUCT('Feeder Spreads'!B3:B22,'Feeder Spreads'!B4:B23)+SUMSQ('Feeder Spreads'!B4:B23)-('Feeder Spreads'!B3-'Feeder Spreads'!B23)^2/20)/19),"") -> 0.99505025 | CK3: =IFERROR('Feeder Spreads'!AX3,"") -> 46150 | CL3: =IFERROR(('Feeder Spreads'!AY3-AVERAGE('Feeder Spreads'!$AY$3:$AY$4308))/STDEV('Feeder Spreads'!$AY$3:$AY$4308),"") -> 10.770723 | CM3: =IFERROR('Feeder Spreads'!AY3-'Feeder Spreads'!AY8,"") -> 6.075 | CN3: =IFERROR('Feeder Spreads'!AY3-'Feeder Spreads'!AY13,"") -> 6.075 | CO3: =IFERROR(AVERAGE('Feeder Spreads'!AY3:AY22)+2*STDEV('Feeder Spreads'!AY3:AY22),"") -> 3.0205726 | CP3: =IFERROR(AVERAGE('Feeder Spreads'!AY3:AY22)-2*STDEV('Feeder Spreads'!AY3:AY22),"") -> -2.4130726 | CQ3: =IFERROR(('Feeder Spreads'!AY3-(AVERAGE('Feeder Spreads'!AY3:AY22)-2*STDEV('Feeder Spreads'!AY3:AY22)))/(4*STDEV('Feeder Spreads'!AY3:AY22)),"") -> 1.5621323 | CR3: =IFERROR(4*STDEV('Feeder Spreads'!AY3:AY22)/AVERAGE('Feeder Spreads'!AY3:AY22),"") -> 17.888544 | CS3: 48.7217 | CT3: =IFERROR(SQRT((SUMSQ('Feeder Spreads'!AY3:AY22)-2*SUMPRODUCT('Feeder Spreads'!AY3:AY22,'Feeder Spreads'!AY4:AY23)+SUMSQ('Feeder Spreads'!AY4:AY23)-('Feeder Spreads'!AY3-'Feeder Spreads'!AY23)^2/20)/19),"") -> 1.3584113 | CV3: =IFERROR('Feeder Spreads'!H3,"") -> 46150 | CW3: =IFERROR(('Feeder Spreads'!I3-AVERAGE('Feeder Spreads'!$I$3:$I$4308))/STDEV('Feeder Spreads'!$I$3:$I$4308),"") -> 10.770723 | CX3: =IFERROR('Feeder Spreads'!I3-'Feeder Spreads'!I8,"") -> 3.15 | CY3: =IFERROR('Feeder Spreads'!I3-'Feeder Spreads'!I13,"") -> 3.15 | CZ3: =IFERROR(AVERAGE('Feeder Spreads'!I3:I22)+2*STDEV('Feeder Spreads'!I3:I22),"") -> 1.5662228 | DA3: =IFERROR(AVERAGE('Feeder Spreads'!I3:I22)-2*STDEV('Feeder Spreads'!I3:I22),"") -> -1.2512228 | DB3: =IFERROR(('Feeder Spreads'!I3-(AVERAGE('Feeder Spreads'!I3:I22)-2*STDEV('Feeder Spreads'!I3:I22)))/(4*STDEV('Feeder Spreads'!I3:I22)),"") -> 1.5621323 | DC3: =IFERROR(4*STDEV('Feeder Spreads'!I3:I22)/AVERAGE('Feeder Spreads'!I3:I22),"") -> 17.888544 | DD3: 50.8946 | DE3: =IFERROR(SQRT((SUMSQ('Feeder Spreads'!I3:I22)-2*SUMPRODUCT('Feeder Spreads'!I3:I22,'Feeder Spreads'!I4:I23)+SUMSQ('Feeder Spreads'!I4:I23)-('Feeder Spreads'!I3-'Feeder Spreads'!I23)^2/20)/19),"") -> 0.70436141 | DG3: =IFERROR('Feeder Spreads'!O3,"") -> 46150 | DH3: =IFERROR(('Feeder Spreads'!P3-AVERAGE('Feeder Spreads'!$P$3:$P$4308))/STDEV('Feeder Spreads'!$P$3:$P$4308),"") -> 10.770723 | DI3: =IFERROR('Feeder Spreads'!P3-'Feeder Spreads'!P8,"") -> 3.075 | DJ3: =IFERROR('Feeder Spreads'!P3-'Feeder Spreads'!P13,"") -> 3.075 | DK3: =IFERROR(AVERAGE('Feeder Spreads'!P3:P22)+2*STDEV('Feeder Spreads'!P3:P22),"") -> 1.5289318 | DL3: =IFERROR(AVERAGE('Feeder Spreads'!P3:P22)-2*STDEV('Feeder Spreads'!P3:P22),"") -> -1.2214318 | DM3: =IFERROR(('Feeder Spreads'!P3-(AVERAGE('Feeder Spreads'!P3:P22)-2*STDEV('Feeder Spreads'!P3:P22)))/(4*STDEV('Feeder Spreads'!P3:P22)),"") -> 1.5621323 | DN3: =IFERROR(4*STDEV('Feeder Spreads'!P3:P22)/AVERAGE('Feeder Spreads'!P3:P22),"") -> 17.888544 | DO3: 48.8637 | DP3: =IFERROR(SQRT((SUMSQ('Feeder Spreads'!P3:P22)-2*SUMPRODUCT('Feeder Spreads'!P3:P22,'Feeder Spreads'!P4:P23)+SUMSQ('Feeder Spreads'!P4:P23)-('Feeder Spreads'!P3-'Feeder Spreads'!P23)^2/20)/19),"") -> 0.6875909 | DR3: =IFERROR('Feeder Spreads'!V3,"") -> 46150 | DS3: =IFERROR(('Feeder Spreads'!W3-AVERAGE('Feeder Spreads'!$W$3:$W$4308))/STDEV('Feeder Spreads'!$W$3:$W$4308),"") -> 10.770723 | DT3: =IFERROR('Feeder Spreads'!W3-'Feeder Spreads'!W8,"") -> 1.675 | DU3: =IFERROR('Feeder Spreads'!W3-'Feeder Spreads'!W13,"") -> 1.675 | DV3: =IFERROR(AVERAGE('Feeder Spreads'!W3:W22)+2*STDEV('Feeder Spreads'!W3:W22),"") -> 0.83283277 | DW3: =IFERROR(AVERAGE('Feeder Spreads'!W3:W22)-2*STDEV('Feeder Spreads'!W3:W22),"") -> -0.66533277 | DX3: =IFERROR(('Feeder Spreads'!W3-(AVERAGE('Feeder Spreads'!W3:W22)-2*STDEV('Feeder Spreads'!W3:W22)))/(4*STDEV('Feeder Spreads'!W3:W22)),"") -> 1.5621323 | DY3: =IFERROR(4*STDEV('Feeder Spreads'!W3:W22)/AVERAGE('Feeder Spreads'!W3:W22),"") -> 17.888544 | DZ3: 73.5048 | EA3: =IFERROR(SQRT((SUMSQ('Feeder Spreads'!W3:W22)-2*SUMPRODUCT('Feeder Spreads'!W3:W22,'Feeder Spreads'!W4:W23)+SUMSQ('Feeder Spreads'!W4:W23)-('Feeder Spreads'!W3-'Feeder Spreads'!W23)^2/20)/19),"") -> 0.37454139 | EC3: =IFERROR('Feeder Spreads'!AC3,"") -> 46150 | ED3: =IFERROR(('Feeder Spreads'!AD3-AVERAGE('Feeder Spreads'!$AD$3:$AD$4308))/STDEV('Feeder Spreads'!$AD$3:$AD$4308),"") -> -10.770723 | EE3: =IFERROR('Feeder Spreads'!AD3-'Feeder Spreads'!AD8,"") -> -22.85 | EF3: =IFERROR('Feeder Spreads'!AD3-'Feeder Spreads'!AD13,"") -> -22.85 | EG3: =IFERROR(AVERAGE('Feeder Spreads'!AD3:AD22)+2*STDEV('Feeder Spreads'!AD3:AD22),"") -> 9.0763307 | EH3: =IFERROR(AVERAGE('Feeder Spreads'!AD3:AD22)-2*STDEV('Feeder Spreads'!AD3:AD22),"") -> -11.361331 | EI3: =IFERROR(('Feeder Spreads'!AD3-(AVERAGE('Feeder Spreads'!AD3:AD22)-2*STDEV('Feeder Spreads'!AD3:AD22)))/(4*STDEV('Feeder Spreads'!AD3:AD22)),"") -> -0.56213229 | EJ3: =IFERROR(4*STDEV('Feeder Spreads'!AD3:AD22)/AVERAGE('Feeder Spreads'!AD3:AD22),"") -> -17.888544 | EK3: 29.7316 | EL3: =IFERROR(SQRT((SUMSQ('Feeder Spreads'!AD3:AD22)-2*SUMPRODUCT('Feeder Spreads'!AD3:AD22,'Feeder Spreads'!AD4:AD23)+SUMSQ('Feeder Spreads'!AD4:AD23)-('Feeder Spreads'!AD3-'Feeder Spreads'!AD23)^2/20)/19),"") -> 5.1094153 | EN3: =IFERROR('Feeder Spreads'!AJ3,"") -> 46150 | EO3: =IFERROR(('Feeder Spreads'!AK3-AVERAGE('Feeder Spreads'!$AK$3:$AK$4308))/STDEV('Feeder Spreads'!$AK$3:$AK$4308),"") -> 10.770723 | EP3: =IFERROR('Feeder Spreads'!AK3-'Feeder Spreads'!AK8,"") -> 2 | EQ3: =IFERROR('Feeder Spreads'!AK3-'Feeder Spreads'!AK13,"") -> 2 | ER3: =IFERROR(AVERAGE('Feeder Spreads'!AK3:AK22)+2*STDEV('Feeder Spreads'!AK3:AK22),"") -> 0.99442719 | ES3: =IFERROR(AVERAGE('Feeder Spreads'!AK3:AK22)-2*STDEV('Feeder Spreads'!AK3:AK22),"") -> -0.79442719 | ET3: =IFERROR(('Feeder Spreads'!AK3-(AVERAGE('Feeder Spreads'!AK3:AK22)-2*STDEV('Feeder Spreads'!AK3:AK22)))/(4*STDEV('Feeder Spreads'!AK3:AK22)),"") -> 1.5621323 | EU3: =IFERROR(4*STDEV('Feeder Spreads'!AK3:AK22)/AVERAGE('Feeder Spreads'!AK3:AK22),"") -> 17.888544 | EV3: 48.8234 | EW3: =IFERROR(SQRT((SUMSQ('Feeder Spreads'!AK3:AK22)-2*SUMPRODUCT('Feeder Spreads'!AK3:AK22,'Feeder Spreads'!AK4:AK23)+SUMSQ('Feeder Spreads'!AK4:AK23)-('Feeder Spreads'!AK3-'Feeder Spreads'!AK23)^2/20)/19),"") -> 0.4472136 | EY3: =IFERROR('Feeder Spreads'!AQ3,"") -> 46150 | EZ3: =IFERROR(('Feeder Spreads'!AR3-AVERAGE('Feeder Spreads'!$AR$3:$AR$4308))/STDEV('Feeder Spreads'!$AR$3:$AR$4308),"") -> 10.770723 | FA3: =IFERROR('Feeder Spreads'!AR3-'Feeder Spreads'!AR8,"") -> 2.425 | FB3: =IFERROR('Feeder Spreads'!AR3-'Feeder Spreads'!AR13,"") -> 2.425 | FC3: =IFERROR(AVERAGE('Feeder Spreads'!AR3:AR22)+2*STDEV('Feeder Spreads'!AR3:AR22),"") -> 1.205743 | FD3: =IFERROR(AVERAGE('Feeder Spreads'!AR3:AR22)-2*STDEV('Feeder Spreads'!AR3:AR22),"") -> -0.96324297 | FE3: =IFERROR(('Feeder Spreads'!AR3-(AVERAGE('Feeder Spreads'!AR3:AR22)-2*STDEV('Feeder Spreads'!AR3:AR22)))/(4*STDEV('Feeder Spreads'!AR3:AR22)),"") -> 1.5621323 | FF3: =IFERROR(4*STDEV('Feeder Spreads'!AR3:AR22)/AVERAGE('Feeder Spreads'!AR3:AR22),"") -> 17.888544 | FG3: 48.624 | FH3: =IFERROR(SQRT((SUMSQ('Feeder Spreads'!AR3:AR22)-2*SUMPRODUCT('Feeder Spreads'!AR3:AR22,'Feeder Spreads'!AR4:AR23)+SUMSQ('Feeder Spreads'!AR4:AR23)-('Feeder Spreads'!AR3-'Feeder Spreads'!AR23)^2/20)/19),"") -> 0.54224648 | FJ3: =IFERROR('Fat Spreads'!AX3,"") -> 46150 | FK3: =IFERROR(('Fat Spreads'!AY3-AVERAGE('Fat Spreads'!$AY$3:$AY$4308))/STDEV('Fat Spreads'!$AY$3:$AY$4308),"") -> -10.770723 | FL3: =IFERROR('Fat Spreads'!AY3-'Fat Spreads'!AY8,"") -> -11.45 | FM3: =IFERROR('Fat Spreads'!AY3-'Fat Spreads'!AY13,"") -> -11.45 | FN3: =IFERROR(AVERAGE('Fat Spreads'!AY3:AY22)+2*STDEV('Fat Spreads'!AY3:AY22),"") -> 4.5480957 | FO3: =IFERROR(AVERAGE('Fat Spreads'!AY3:AY22)-2*STDEV('Fat Spreads'!AY3:AY22),"") -> -5.6930957 | FP3: =IFERROR(('Fat Spreads'!AY3-(AVERAGE('Fat Spreads'!AY3:AY22)-2*STDEV('Fat Spreads'!AY3:AY22)))/(4*STDEV('Fat Spreads'!AY3:AY22)),"") -> -0.56213229 | FQ3: =IFERROR(4*STDEV('Fat Spreads'!AY3:AY22)/AVERAGE('Fat Spreads'!AY3:AY22),"") -> -17.888544 | FR3: 34.7648 | FS3: =IFERROR(SQRT((SUMSQ('Fat Spreads'!AY3:AY22)-2*SUMPRODUCT('Fat Spreads'!AY3:AY22,'Fat Spreads'!AY4:AY23)+SUMSQ('Fat Spreads'!AY4:AY23)-('Fat Spreads'!AY3-'Fat Spreads'!AY23)^2/20)/19),"") -> 2.5602978 | FU3: =IFERROR('Fat Spreads'!BE3,"") -> 46150 | FV3: =IFERROR(('Fat Spreads'!BF3-AVERAGE('Fat Spreads'!$BF$3:$BF$4308))/STDEV('Fat Spreads'!$BF$3:$BF$4308),"") -> -10.770723 | FW3: =IFERROR('Fat Spreads'!BF3-'Fat Spreads'!BF8,"") -> -7.275 | FX3: =IFERROR('Fat Spreads'!BF3-'Fat Spreads'!BF13,"") -> -7.275 | FY3: =IFERROR(AVERAGE('Fat Spreads'!BF3:BF22)+2*STDEV('Fat Spreads'!BF3:BF22),"") -> 2.8897289 | FZ3: =IFERROR(AVERAGE('Fat Spreads'!BF3:BF22)-2*STDEV('Fat Spreads'!BF3:BF22),"") -> -3.6172289 | GA3: =IFERROR(('Fat Spreads'!BF3-(AVERAGE('Fat Spreads'!BF3:BF22)-2*STDEV('Fat Spreads'!BF3:BF22)))/(4*STDEV('Fat Spreads'!BF3:BF22)),"") -> -0.56213229 | GB3: =IFERROR(4*STDEV('Fat Spreads'!BF3:BF22)/AVERAGE('Fat Spreads'!BF3:BF22),"") -> -17.888544 | GC3: 24.4768 | GD3: =IFERROR(SQRT((SUMSQ('Fat Spreads'!BF3:BF22)-2*SUMPRODUCT('Fat Spreads'!BF3:BF22,'Fat Spreads'!BF4:BF23)+SUMSQ('Fat Spreads'!BF4:BF23)-('Fat Spreads'!BF3-'Fat Spreads'!BF23)^2/20)/19),"") -> 1.6267395
A4: =IFERROR('Fat Spreads'!A4,"") -> 0 | B4: =IFERROR(('Fat Spreads'!B4-AVERAGE('Fat Spreads'!$B$3:$B$4308))/STDEV('Fat Spreads'!$B$3:$B$4308),"") -> 0.092057462 | C4: =IFERROR('Fat Spreads'!B4-'Fat Spreads'!B9,"") -> 0 | D4: =IFERROR('Fat Spreads'!B4-'Fat Spreads'!B14,"") -> 0 | E4: =IFERROR(AVERAGE('Fat Spreads'!B4:B23)+2*STDEV('Fat Spreads'!B4:B23),"") -> 0 | F4: =IFERROR(AVERAGE('Fat Spreads'!B4:B23)-2*STDEV('Fat Spreads'!B4:B23),"") -> 0 | G4: =IFERROR(('Fat Spreads'!B4-(AVERAGE('Fat Spreads'!B4:B23)-2*STDEV('Fat Spreads'!B4:B23)))/(4*STDEV('Fat Spreads'!B4:B23)),"") | H4: =IFERROR(4*STDEV('Fat Spreads'!B4:B23)/AVERAGE('Fat Spreads'!B4:B23),"") | I4: 20.7967 | J4: =IFERROR(SQRT((SUMSQ('Fat Spreads'!B4:B23)-2*SUMPRODUCT('Fat Spreads'!B4:B23,'Fat Spreads'!B5:B24)+SUMSQ('Fat Spreads'!B5:B24)-('Fat Spreads'!B4-'Fat Spreads'!B24)^2/20)/19),"") -> 0 | L4: =IFERROR('Fat Spreads'!H4,"") -> 0 | M4: =IFERROR(('Fat Spreads'!I4-AVERAGE('Fat Spreads'!$I$3:$I$4308))/STDEV('Fat Spreads'!$I$3:$I$4308),"") -> -0.092057462 | N4: =IFERROR('Fat Spreads'!I4-'Fat Spreads'!I9,"") -> 0 | O4: =IFERROR('Fat Spreads'!I4-'Fat Spreads'!I14,"") -> 0 | P4: =IFERROR(AVERAGE('Fat Spreads'!I4:I23)+2*STDEV('Fat Spreads'!I4:I23),"") -> 0 | Q4: =IFERROR(AVERAGE('Fat Spreads'!I4:I23)-2*STDEV('Fat Spreads'!I4:I23),"") -> 0 | R4: =IFERROR(('Fat Spreads'!I4-(AVERAGE('Fat Spreads'!I4:I23)-2*STDEV('Fat Spreads'!I4:I23)))/(4*STDEV('Fat Spreads'!I4:I23)),"") | S4: =IFERROR(4*STDEV('Fat Spreads'!I4:I23)/AVERAGE('Fat Spreads'!I4:I23),"") | T4: 66.2382 | U4: =IFERROR(SQRT((SUMSQ('Fat Spreads'!I4:I23)-2*SUMPRODUCT('Fat Spreads'!I4:I23,'Fat Spreads'!I5:I24)+SUMSQ('Fat Spreads'!I5:I24)-('Fat Spreads'!I4-'Fat Spreads'!I24)^2/20)/19),"") -> 0 | W4: =IFERROR('Fat Spreads'!AQ4,"") -> 0 | X4: =IFERROR(('Fat Spreads'!AR4-AVERAGE('Fat Spreads'!$AR$3:$AR$4308))/STDEV('Fat Spreads'!$AR$3:$AR$4308),"") -> -0.092057462 | Y4: =IFERROR('Fat Spreads'!AR4-'Fat Spreads'!AR9,"") -> 0 | Z4: =IFERROR('Fat Spreads'!AR4-'Fat Spreads'!AR14,"") -> 0 | AA4: =IFERROR(AVERAGE('Fat Spreads'!AR4:AR23)+2*STDEV('Fat Spreads'!AR4:AR23),"") -> 0 | AB4: =IFERROR(AVERAGE('Fat Spreads'!AR4:AR23)-2*STDEV('Fat Spreads'!AR4:AR23),"") -> 0 | AC4: =IFERROR(('Fat Spreads'!AR4-(AVERAGE('Fat Spreads'!AR4:AR23)-2*STDEV('Fat Spreads'!AR4:AR23)))/(4*STDEV('Fat Spreads'!AR4:AR23)),"") | AD4: =IFERROR(4*STDEV('Fat Spreads'!AR4:AR23)/AVERAGE('Fat Spreads'!AR4:AR23),"") | AE4: 62.3889 | AF4: =IFERROR(SQRT((SUMSQ('Fat Spreads'!AR4:AR23)-2*SUMPRODUCT('Fat Spreads'!AR4:AR23,'Fat Spreads'!AR5:AR24)+SUMSQ('Fat Spreads'!AR5:AR24)-('Fat Spreads'!AR4-'Fat Spreads'!AR24)^2/20)/19),"") -> 0 | AH4: =IFERROR('Fat Spreads'!O4,"") -> 0 | AI4: =IFERROR(('Fat Spreads'!P4-AVERAGE('Fat Spreads'!$P$3:$P$4308))/STDEV('Fat Spreads'!$P$3:$P$4308),"") -> -0.092057462 | AJ4: =IFERROR('Fat Spreads'!P4-'Fat Spreads'!P9,"") -> 0 | AK4: =IFERROR('Fat Spreads'!P4-'Fat Spreads'!P14,"") -> 0 | AL4: =IFERROR(AVERAGE('Fat Spreads'!P4:P23)+2*STDEV('Fat Spreads'!P4:P23),"") -> 0 | AM4: =IFERROR(AVERAGE('Fat Spreads'!P4:P23)-2*STDEV('Fat Spreads'!P4:P23),"") -> 0 | AN4: =IFERROR(('Fat Spreads'!P4-(AVERAGE('Fat Spreads'!P4:P23)-2*STDEV('Fat Spreads'!P4:P23)))/(4*STDEV('Fat Spreads'!P4:P23)),"") | AO4: =IFERROR(4*STDEV('Fat Spreads'!P4:P23)/AVERAGE('Fat Spreads'!P4:P23),"") | AP4: 65.1321 | AQ4: =IFERROR(SQRT((SUMSQ('Fat Spreads'!P4:P23)-2*SUMPRODUCT('Fat Spreads'!P4:P23,'Fat Spreads'!P5:P24)+SUMSQ('Fat Spreads'!P5:P24)-('Fat Spreads'!P4-'Fat Spreads'!P24)^2/20)/19),"") -> 0 | AS4: =IFERROR('Fat Spreads'!AJ4,"") -> 0 | AT4: =IFERROR(('Fat Spreads'!AK4-AVERAGE('Fat Spreads'!$AK$3:$AK$4308))/STDEV('Fat Spreads'!$AK$3:$AK$4308),"") -> -0.092057462 | AU4: =IFERROR('Fat Spreads'!AK4-'Fat Spreads'!AK9,"") -> 0 | AV4: =IFERROR('Fat Spreads'!AK4-'Fat Spreads'!AK14,"") -> 0 | AW4: =IFERROR(AVERAGE('Fat Spreads'!AK4:AK23)+2*STDEV('Fat Spreads'!AK4:AK23),"") -> 0 | AX4: =IFERROR(AVERAGE('Fat Spreads'!AK4:AK23)-2*STDEV('Fat Spreads'!AK4:AK23),"") -> 0 | AY4: =IFERROR(('Fat Spreads'!AK4-(AVERAGE('Fat Spreads'!AK4:AK23)-2*STDEV('Fat Spreads'!AK4:AK23)))/(4*STDEV('Fat Spreads'!AK4:AK23)),"") | AZ4: =IFERROR(4*STDEV('Fat Spreads'!AK4:AK23)/AVERAGE('Fat Spreads'!AK4:AK23),"") | BA4: 69.8592 | BB4: =IFERROR(SQRT((SUMSQ('Fat Spreads'!AK4:AK23)-2*SUMPRODUCT('Fat Spreads'!AK4:AK23,'Fat Spreads'!AK5:AK24)+SUMSQ('Fat Spreads'!AK5:AK24)-('Fat Spreads'!AK4-'Fat Spreads'!AK24)^2/20)/19),"") -> 0 | BD4: =IFERROR('Fat Spreads'!V4,"") -> 0 | BE4: =IFERROR(('Fat Spreads'!W4-AVERAGE('Fat Spreads'!$W$3:$W$4308))/STDEV('Fat Spreads'!$W$3:$W$4308),"") -> -0.092057462 | BF4: =IFERROR('Fat Spreads'!W4-'Fat Spreads'!W9,"") -> 0 | BG4: =IFERROR('Fat Spreads'!W4-'Fat Spreads'!W14,"") -> 0 | BH4: =IFERROR(AVERAGE('Fat Spreads'!W4:W23)+2*STDEV('Fat Spreads'!W4:W23),"") -> 0 | BI4: =IFERROR(AVERAGE('Fat Spreads'!W4:W23)-2*STDEV('Fat Spreads'!W4:W23),"") -> 0 | BJ4: =IFERROR(('Fat Spreads'!W4-(AVERAGE('Fat Spreads'!W4:W23)-2*STDEV('Fat Spreads'!W4:W23)))/(4*STDEV('Fat Spreads'!W4:W23)),"") | BK4: =IFERROR(4*STDEV('Fat Spreads'!W4:W23)/AVERAGE('Fat Spreads'!W4:W23),"") | BL4: 52.175 | BM4: =IFERROR(SQRT((SUMSQ('Fat Spreads'!W4:W23)-2*SUMPRODUCT('Fat Spreads'!W4:W23,'Fat Spreads'!W5:W24)+SUMSQ('Fat Spreads'!W5:W24)-('Fat Spreads'!W4-'Fat Spreads'!W24)^2/20)/19),"") -> 0 | BO4: =IFERROR('Fat Spreads'!AC4,"") -> 0 | BP4: =IFERROR(('Fat Spreads'!AD4-AVERAGE('Fat Spreads'!$AD$3:$AD$4308))/STDEV('Fat Spreads'!$AD$3:$AD$4308),"") -> -0.092057462 | BQ4: =IFERROR('Fat Spreads'!AD4-'Fat Spreads'!AD9,"") -> 0 | BR4: =IFERROR('Fat Spreads'!AD4-'Fat Spreads'!AD14,"") -> 0 | BS4: =IFERROR(AVERAGE('Fat Spreads'!AD4:AD23)+2*STDEV('Fat Spreads'!AD4:AD23),"") -> 0 | BT4: =IFERROR(AVERAGE('Fat Spreads'!AD4:AD23)-2*STDEV('Fat Spreads'!AD4:AD23),"") -> 0 | BU4: =IFERROR(('Fat Spreads'!AD4-(AVERAGE('Fat Spreads'!AD4:AD23)-2*STDEV('Fat Spreads'!AD4:AD23)))/(4*STDEV('Fat Spreads'!AD4:AD23)),"") | BV4: =IFERROR(4*STDEV('Fat Spreads'!AD4:AD23)/AVERAGE('Fat Spreads'!AD4:AD23),"") | BW4: 51.2036 | BX4: =IFERROR(SQRT((SUMSQ('Fat Spreads'!AD4:AD23)-2*SUMPRODUCT('Fat Spreads'!AD4:AD23,'Fat Spreads'!AD5:AD24)+SUMSQ('Fat Spreads'!AD5:AD24)-('Fat Spreads'!AD4-'Fat Spreads'!AD24)^2/20)/19),"") -> 0 | BZ4: =IFERROR('Feeder Spreads'!A4,"") -> 0 | CA4: =IFERROR(('Feeder Spreads'!B4-AVERAGE('Feeder Spreads'!$B$3:$B$4308))/STDEV('Feeder Spreads'!$B$3:$B$4308),"") -> -0.092057462 | CB4: =IFERROR('Feeder Spreads'!B4-'Feeder Spreads'!B9,"") -> 0 | CC4: =IFERROR('Feeder Spreads'!B4-'Feeder Spreads'!B14,"") -> 0 | CD4: =IFERROR(AVERAGE('Feeder Spreads'!B4:B23)+2*STDEV('Feeder Spreads'!B4:B23),"") -> 0 | CE4: =IFERROR(AVERAGE('Feeder Spreads'!B4:B23)-2*STDEV('Feeder Spreads'!B4:B23),"") -> 0 | CF4: =IFERROR(('Feeder Spreads'!B4-(AVERAGE('Feeder Spreads'!B4:B23)-2*STDEV('Feeder Spreads'!B4:B23)))/(4*STDEV('Feeder Spreads'!B4:B23)),"") | CG4: =IFERROR(4*STDEV('Feeder Spreads'!B4:B23)/AVERAGE('Feeder Spreads'!B4:B23),"") | CH4: 46.0776 | CI4: =IFERROR(SQRT((SUMSQ('Feeder Spreads'!B4:B23)-2*SUMPRODUCT('Feeder Spreads'!B4:B23,'Feeder Spreads'!B5:B24)+SUMSQ('Feeder Spreads'!B5:B24)-('Feeder Spreads'!B4-'Feeder Spreads'!B24)^2/20)/19),"") -> 0 | CK4: =IFERROR('Feeder Spreads'!AX4,"") -> 0 | CL4: =IFERROR(('Feeder Spreads'!AY4-AVERAGE('Feeder Spreads'!$AY$3:$AY$4308))/STDEV('Feeder Spreads'!$AY$3:$AY$4308),"") -> -0.092057462 | CM4: =IFERROR('Feeder Spreads'!AY4-'Feeder Spreads'!AY9,"") -> 0 | CN4: =IFERROR('Feeder Spreads'!AY4-'Feeder Spreads'!AY14,"") -> 0 | CO4: =IFERROR(AVERAGE('Feeder Spreads'!AY4:AY23)+2*STDEV('Feeder Spreads'!AY4:AY23),"") -> 0 | CP4: =IFERROR(AVERAGE('Feeder Spreads'!AY4:AY23)-2*STDEV('Feeder Spreads'!AY4:AY23),"") -> 0 | CQ4: =IFERROR(('Feeder Spreads'!AY4-(AVERAGE('Feeder Spreads'!AY4:AY23)-2*STDEV('Feeder Spreads'!AY4:AY23)))/(4*STDEV('Feeder Spreads'!AY4:AY23)),"") | CR4: =IFERROR(4*STDEV('Feeder Spreads'!AY4:AY23)/AVERAGE('Feeder Spreads'!AY4:AY23),"") | CS4: 44.1155 | CT4: =IFERROR(SQRT((SUMSQ('Feeder Spreads'!AY4:AY23)-2*SUMPRODUCT('Feeder Spreads'!AY4:AY23,'Feeder Spreads'!AY5:AY24)+SUMSQ('Feeder Spreads'!AY5:AY24)-('Feeder Spreads'!AY4-'Feeder Spreads'!AY24)^2/20)/19),"") -> 0 | CV4: =IFERROR('Feeder Spreads'!H4,"") -> 0 | CW4: =IFERROR(('Feeder Spreads'!I4-AVERAGE('Feeder Spreads'!$I$3:$I$4308))/STDEV('Feeder Spreads'!$I$3:$I$4308),"") -> -0.092057462 | CX4: =IFERROR('Feeder Spreads'!I4-'Feeder Spreads'!I9,"") -> 0 | CY4: =IFERROR('Feeder Spreads'!I4-'Feeder Spreads'!I14,"") -> 0 | CZ4: =IFERROR(AVERAGE('Feeder Spreads'!I4:I23)+2*STDEV('Feeder Spreads'!I4:I23),"") -> 0 | DA4: =IFERROR(AVERAGE('Feeder Spreads'!I4:I23)-2*STDEV('Feeder Spreads'!I4:I23),"") -> 0 | DB4: =IFERROR(('Feeder Spreads'!I4-(AVERAGE('Feeder Spreads'!I4:I23)-2*STDEV('Feeder Spreads'!I4:I23)))/(4*STDEV('Feeder Spreads'!I4:I23)),"") | DC4: =IFERROR(4*STDEV('Feeder Spreads'!I4:I23)/AVERAGE('Feeder Spreads'!I4:I23),"") | DD4: 53.9676 | DE4: =IFERROR(SQRT((SUMSQ('Feeder Spreads'!I4:I23)-2*SUMPRODUCT('Feeder Spreads'!I4:I23,'Feeder Spreads'!I5:I24)+SUMSQ('Feeder Spreads'!I5:I24)-('Feeder Spreads'!I4-'Feeder Spreads'!I24)^2/20)/19),"") -> 0 | DG4: =IFERROR('Feeder Spreads'!O4,"") -> 0 | DH4: =IFERROR(('Feeder Spreads'!P4-AVERAGE('Feeder Spreads'!$P$3:$P$4308))/STDEV('Feeder Spreads'!$P$3:$P$4308),"") -> -0.092057462 | DI4: =IFERROR('Feeder Spreads'!P4-'Feeder Spreads'!P9,"") -> 0 | DJ4: =IFERROR('Feeder Spreads'!P4-'Feeder Spreads'!P14,"") -> 0 | DK4: =IFERROR(AVERAGE('Feeder Spreads'!P4:P23)+2*STDEV('Feeder Spreads'!P4:P23),"") -> 0 | DL4: =IFERROR(AVERAGE('Feeder Spreads'!P4:P23)-2*STDEV('Feeder Spreads'!P4:P23),"") -> 0 | DM4: =IFERROR(('Feeder Spreads'!P4-(AVERAGE('Feeder Spreads'!P4:P23)-2*STDEV('Feeder Spreads'!P4:P23)))/(4*STDEV('Feeder Spreads'!P4:P23)),"") | DN4: =IFERROR(4*STDEV('Feeder Spreads'!P4:P23)/AVERAGE('Feeder Spreads'!P4:P23),"") | DO4: 48.1514 | DP4: =IFERROR(SQRT((SUMSQ('Feeder Spreads'!P4:P23)-2*SUMPRODUCT('Feeder Spreads'!P4:P23,'Feeder Spreads'!P5:P24)+SUMSQ('Feeder Spreads'!P5:P24)-('Feeder Spreads'!P4-'Feeder Spreads'!P24)^2/20)/19),"") -> 0 | DR4: =IFERROR('Feeder Spreads'!V4,"") -> 0 | DS4: =IFERROR(('Feeder Spreads'!W4-AVERAGE('Feeder Spreads'!$W$3:$W$4308))/STDEV('Feeder Spreads'!$W$3:$W$4308),"") -> -0.092057462 | DT4: =IFERROR('Feeder Spreads'!W4-'Feeder Spreads'!W9,"") -> 0 | DU4: =IFERROR('Feeder Spreads'!W4-'Feeder Spreads'!W14,"") -> 0 | DV4: =IFERROR(AVERAGE('Feeder Spreads'!W4:W23)+2*STDEV('Feeder Spreads'!W4:W23),"") -> 0 | DW4: =IFERROR(AVERAGE('Feeder Spreads'!W4:W23)-2*STDEV('Feeder Spreads'!W4:W23),"") -> 0 | DX4: =IFERROR(('Feeder Spreads'!W4-(AVERAGE('Feeder Spreads'!W4:W23)-2*STDEV('Feeder Spreads'!W4:W23)))/(4*STDEV('Feeder Spreads'!W4:W23)),"") | DY4: =IFERROR(4*STDEV('Feeder Spreads'!W4:W23)/AVERAGE('Feeder Spreads'!W4:W23),"") | DZ4: 74.6029 | EA4: =IFERROR(SQRT((SUMSQ('Feeder Spreads'!W4:W23)-2*SUMPRODUCT('Feeder Spreads'!W4:W23,'Feeder Spreads'!W5:W24)+SUMSQ('Feeder Spreads'!W5:W24)-('Feeder Spreads'!W4-'Feeder Spreads'!W24)^2/20)/19),"") -> 0 | EC4: =IFERROR('Feeder Spreads'!AC4,"") -> 0 | ED4: =IFERROR(('Feeder Spreads'!AD4-AVERAGE('Feeder Spreads'!$AD$3:$AD$4308))/STDEV('Feeder Spreads'!$AD$3:$AD$4308),"") -> 0.092057462 | EE4: =IFERROR('Feeder Spreads'!AD4-'Feeder Spreads'!AD9,"") -> 0 | EF4: =IFERROR('Feeder Spreads'!AD4-'Feeder Spreads'!AD14,"") -> 0 | EG4: =IFERROR(AVERAGE('Feeder Spreads'!AD4:AD23)+2*STDEV('Feeder Spreads'!AD4:AD23),"") -> 0 | EH4: =IFERROR(AVERAGE('Feeder Spreads'!AD4:AD23)-2*STDEV('Feeder Spreads'!AD4:AD23),"") -> 0 | EI4: =IFERROR(('Feeder Spreads'!AD4-(AVERAGE('Feeder Spreads'!AD4:AD23)-2*STDEV('Feeder Spreads'!AD4:AD23)))/(4*STDEV('Feeder Spreads'!AD4:AD23)),"") | EJ4: =IFERROR(4*STDEV('Feeder Spreads'!AD4:AD23)/AVERAGE('Feeder Spreads'!AD4:AD23),"") | EK4: 34.9287 | EL4: =IFERROR(SQRT((SUMSQ('Feeder Spreads'!AD4:AD23)-2*SUMPRODUCT('Feeder Spreads'!AD4:AD23,'Feeder Spreads'!AD5:AD24)+SUMSQ('Feeder Spreads'!AD5:AD24)-('Feeder Spreads'!AD4-'Feeder Spreads'!AD24)^2/20)/19),"") -> 0 | EN4: =IFERROR('Feeder Spreads'!AJ4,"") -> 0 | EO4: =IFERROR(('Feeder Spreads'!AK4-AVERAGE('Feeder Spreads'!$AK$3:$AK$4308))/STDEV('Feeder Spreads'!$AK$3:$AK$4308),"") -> -0.092057462 | EP4: =IFERROR('Feeder Spreads'!AK4-'Feeder Spreads'!AK9,"") -> 0 | EQ4: =IFERROR('Feeder Spreads'!AK4-'Feeder Spreads'!AK14,"") -> 0 | ER4: =IFERROR(AVERAGE('Feeder Spreads'!AK4:AK23)+2*STDEV('Feeder Spreads'!AK4:AK23),"") -> 0 | ES4: =IFERROR(AVERAGE('Feeder Spreads'!AK4:AK23)-2*STDEV('Feeder Spreads'!AK4:AK23),"") -> 0 | ET4: =IFERROR(('Feeder Spreads'!AK4-(AVERAGE('Feeder Spreads'!AK4:AK23)-2*STDEV('Feeder Spreads'!AK4:AK23)))/(4*STDEV('Feeder Spreads'!AK4:AK23)),"") | EU4: =IFERROR(4*STDEV('Feeder Spreads'!AK4:AK23)/AVERAGE('Feeder Spreads'!AK4:AK23),"") | EV4: 48.1739 | EW4: =IFERROR(SQRT((SUMSQ('Feeder Spreads'!AK4:AK23)-2*SUMPRODUCT('Feeder Spreads'!AK4:AK23,'Feeder Spreads'!AK5:AK24)+SUMSQ('Feeder Spreads'!AK5:AK24)-('Feeder Spreads'!AK4-'Feeder Spreads'!AK24)^2/20)/19),"") -> 0 | EY4: =IFERROR('Feeder Spreads'!AQ4,"") -> 0 | EZ4: =IFERROR(('Feeder Spreads'!AR4-AVERAGE('Feeder Spreads'!$AR$3:$AR$4308))/STDEV('Feeder Spreads'!$AR$3:$AR$4308),"") -> -0.092057462 | FA4: =IFERROR('Feeder Spreads'!AR4-'Feeder Spreads'!AR9,"") -> 0 | FB4: =IFERROR('Feeder Spreads'!AR4-'Feeder Spreads'!AR14,"") -> 0 | FC4: =IFERROR(AVERAGE('Feeder Spreads'!AR4:AR23)+2*STDEV('Feeder Spreads'!AR4:AR23),"") -> 0 | FD4: =IFERROR(AVERAGE('Feeder Spreads'!AR4:AR23)-2*STDEV('Feeder Spreads'!AR4:AR23),"") -> 0 | FE4: =IFERROR(('Feeder Spreads'!AR4-(AVERAGE('Feeder Spreads'!AR4:AR23)-2*STDEV('Feeder Spreads'!AR4:AR23)))/(4*STDEV('Feeder Spreads'!AR4:AR23)),"") | FF4: =IFERROR(4*STDEV('Feeder Spreads'!AR4:AR23)/AVERAGE('Feeder Spreads'!AR4:AR23),"") | FG4: 47.2014 | FH4: =IFERROR(SQRT((SUMSQ('Feeder Spreads'!AR4:AR23)-2*SUMPRODUCT('Feeder Spreads'!AR4:AR23,'Feeder Spreads'!AR5:AR24)+SUMSQ('Feeder Spreads'!AR5:AR24)-('Feeder Spreads'!AR4-'Feeder Spreads'!AR24)^2/20)/19),"") -> 0 | FJ4: =IFERROR('Fat Spreads'!AX4,"") -> 0 | FK4: =IFERROR(('Fat Spreads'!AY4-AVERAGE('Fat Spreads'!$AY$3:$AY$4308))/STDEV('Fat Spreads'!$AY$3:$AY$4308),"") -> 0.092057462 | FL4: =IFERROR('Fat Spreads'!AY4-'Fat Spreads'!AY9,"") -> 0 | FM4: =IFERROR('Fat Spreads'!AY4-'Fat Spreads'!AY14,"") -> 0 | FN4: =IFERROR(AVERAGE('Fat Spreads'!AY4:AY23)+2*STDEV('Fat Spreads'!AY4:AY23),"") -> 0 | FO4: =IFERROR(AVERAGE('Fat Spreads'!AY4:AY23)-2*STDEV('Fat Spreads'!AY4:AY23),"") -> 0 | FP4: =IFERROR(('Fat Spreads'!AY4-(AVERAGE('Fat Spreads'!AY4:AY23)-2*STDEV('Fat Spreads'!AY4:AY23)))/(4*STDEV('Fat Spreads'!AY4:AY23)),"") | FQ4: =IFERROR(4*STDEV('Fat Spreads'!AY4:AY23)/AVERAGE('Fat Spreads'!AY4:AY23),"") | FR4: 35.5811 | FS4: =IFERROR(SQRT((SUMSQ('Fat Spreads'!AY4:AY23)-2*SUMPRODUCT('Fat Spreads'!AY4:AY23,'Fat Spreads'!AY5:AY24)+SUMSQ('Fat Spreads'!AY5:AY24)-('Fat Spreads'!AY4-'Fat Spreads'!AY24)^2/20)/19),"") -> 0 | FU4: =IFERROR('Fat Spreads'!BE4,"") -> 0 | FV4: =IFERROR(('Fat Spreads'!BF4-AVERAGE('Fat Spreads'!$BF$3:$BF$4308))/STDEV('Fat Spreads'!$BF$3:$BF$4308),"") -> 0.092057462 | FW4: =IFERROR('Fat Spreads'!BF4-'Fat Spreads'!BF9,"") -> 0 | FX4: =IFERROR('Fat Spreads'!BF4-'Fat Spreads'!BF14,"") -> 0 | FY4: =IFERROR(AVERAGE('Fat Spreads'!BF4:BF23)+2*STDEV('Fat Spreads'!BF4:BF23),"") -> 0 | FZ4: =IFERROR(AVERAGE('Fat Spreads'!BF4:BF23)-2*STDEV('Fat Spreads'!BF4:BF23),"") -> 0 | GA4: =IFERROR(('Fat Spreads'!BF4-(AVERAGE('Fat Spreads'!BF4:BF23)-2*STDEV('Fat Spreads'!BF4:BF23)))/(4*STDEV('Fat Spreads'!BF4:BF23)),"") | GB4: =IFERROR(4*STDEV('Fat Spreads'!BF4:BF23)/AVERAGE('Fat Spreads'!BF4:BF23),"") | GC4: 24.5078 | GD4: =IFERROR(SQRT((SUMSQ('Fat Spreads'!BF4:BF23)-2*SUMPRODUCT('Fat Spreads'!BF4:BF23,'Fat Spreads'!BF5:BF24)+SUMSQ('Fat Spreads'!BF5:BF24)-('Fat Spreads'!BF4-'Fat Spreads'!BF24)^2/20)/19),"") -> 0
A5: =IFERROR('Fat Spreads'!A5,"") -> 0 | B5: =IFERROR(('Fat Spreads'!B5-AVERAGE('Fat Spreads'!$B$3:$B$4308))/STDEV('Fat Spreads'!$B$3:$B$4308),"") -> 0.092057462 | C5: =IFERROR('Fat Spreads'!B5-'Fat Spreads'!B10,"") -> 0 | D5: =IFERROR('Fat Spreads'!B5-'Fat Spreads'!B15,"") -> 0 | E5: =IFERROR(AVERAGE('Fat Spreads'!B5:B24)+2*STDEV('Fat Spreads'!B5:B24),"") -> 0 | F5: =IFERROR(AVERAGE('Fat Spreads'!B5:B24)-2*STDEV('Fat Spreads'!B5:B24),"") -> 0 | G5: =IFERROR(('Fat Spreads'!B5-(AVERAGE('Fat Spreads'!B5:B24)-2*STDEV('Fat Spreads'!B5:B24)))/(4*STDEV('Fat Spreads'!B5:B24)),"") | H5: =IFERROR(4*STDEV('Fat Spreads'!B5:B24)/AVERAGE('Fat Spreads'!B5:B24),"") | I5: 21.4519 | J5: =IFERROR(SQRT((SUMSQ('Fat Spreads'!B5:B24)-2*SUMPRODUCT('Fat Spreads'!B5:B24,'Fat Spreads'!B6:B25)+SUMSQ('Fat Spreads'!B6:B25)-('Fat Spreads'!B5-'Fat Spreads'!B25)^2/20)/19),"") -> 0 | L5: =IFERROR('Fat Spreads'!H5,"") -> 0 | M5: =IFERROR(('Fat Spreads'!I5-AVERAGE('Fat Spreads'!$I$3:$I$4308))/STDEV('Fat Spreads'!$I$3:$I$4308),"") -> -0.092057462 | N5: =IFERROR('Fat Spreads'!I5-'Fat Spreads'!I10,"") -> 0 | O5: =IFERROR('Fat Spreads'!I5-'Fat Spreads'!I15,"") -> 0 | P5: =IFERROR(AVERAGE('Fat Spreads'!I5:I24)+2*STDEV('Fat Spreads'!I5:I24),"") -> 0 | Q5: =IFERROR(AVERAGE('Fat Spreads'!I5:I24)-2*STDEV('Fat Spreads'!I5:I24),"") -> 0 | R5: =IFERROR(('Fat Spreads'!I5-(AVERAGE('Fat Spreads'!I5:I24)-2*STDEV('Fat Spreads'!I5:I24)))/(4*STDEV('Fat Spreads'!I5:I24)),"") | S5: =IFERROR(4*STDEV('Fat Spreads'!I5:I24)/AVERAGE('Fat Spreads'!I5:I24),"") | T5: 63.2187 | U5: =IFERROR(SQRT((SUMSQ('Fat Spreads'!I5:I24)-2*SUMPRODUCT('Fat Spreads'!I5:I24,'Fat Spreads'!I6:I25)+SUMSQ('Fat Spreads'!I6:I25)-('Fat Spreads'!I5-'Fat Spreads'!I25)^2/20)/19),"") -> 0 | W5: =IFERROR('Fat Spreads'!AQ5,"") -> 0 | X5: =IFERROR(('Fat Spreads'!AR5-AVERAGE('Fat Spreads'!$AR$3:$AR$4308))/STDEV('Fat Spreads'!$AR$3:$AR$4308),"") -> -0.092057462 | Y5: =IFERROR('Fat Spreads'!AR5-'Fat Spreads'!AR10,"") -> 0 | Z5: =IFERROR('Fat Spreads'!AR5-'Fat Spreads'!AR15,"") -> 0 | AA5: =IFERROR(AVERAGE('Fat Spreads'!AR5:AR24)+2*STDEV('Fat Spreads'!AR5:AR24),"") -> 0 | AB5: =IFERROR(AVERAGE('Fat Spreads'!AR5:AR24)-2*STDEV('Fat Spreads'!AR5:AR24),"") -> 0 | AC5: =IFERROR(('Fat Spreads'!AR5-(AVERAGE('Fat Spreads'!AR5:AR24)-2*STDEV('Fat Spreads'!AR5:AR24)))/(4*STDEV('Fat Spreads'!AR5:AR24)),"") | AD5: =IFERROR(4*STDEV('Fat Spreads'!AR5:AR24)/AVERAGE('Fat Spreads'!AR5:AR24),"") | AE5: 60.473 | AF5: =IFERROR(SQRT((SUMSQ('Fat Spreads'!AR5:AR24)-2*SUMPRODUCT('Fat Spreads'!AR5:AR24,'Fat Spreads'!AR6:AR25)+SUMSQ('Fat Spreads'!AR6:AR25)-('Fat Spreads'!AR5-'Fat Spreads'!AR25)^2/20)/19),"") -> 0 | AH5: =IFERROR('Fat Spreads'!O5,"") -> 0 | AI5: =IFERROR(('Fat Spreads'!P5-AVERAGE('Fat Spreads'!$P$3:$P$4308))/STDEV('Fat Spreads'!$P$3:$P$4308),"") -> -0.092057462 | AJ5: =IFERROR('Fat Spreads'!P5-'Fat Spreads'!P10,"") -> 0 | AK5: =IFERROR('Fat Spreads'!P5-'Fat Spreads'!P15,"") -> 0 | AL5: =IFERROR(AVERAGE('Fat Spreads'!P5:P24)+2*STDEV('Fat Spreads'!P5:P24),"") -> 0 | AM5: =IFERROR(AVERAGE('Fat Spreads'!P5:P24)-2*STDEV('Fat Spreads'!P5:P24),"") -> 0 | AN5: =IFERROR(('Fat Spreads'!P5-(AVERAGE('Fat Spreads'!P5:P24)-2*STDEV('Fat Spreads'!P5:P24)))/(4*STDEV('Fat Spreads'!P5:P24)),"") | AO5: =IFERROR(4*STDEV('Fat Spreads'!P5:P24)/AVERAGE('Fat Spreads'!P5:P24),"") | AP5: 62.6084 | AQ5: =IFERROR(SQRT((SUMSQ('Fat Spreads'!P5:P24)-2*SUMPRODUCT('Fat Spreads'!P5:P24,'Fat Spreads'!P6:P25)+SUMSQ('Fat Spreads'!P6:P25)-('Fat Spreads'!P5-'Fat Spreads'!P25)^2/20)/19),"") -> 0 | AS5: =IFERROR('Fat Spreads'!AJ5,"") -> 0 | AT5: =IFERROR(('Fat Spreads'!AK5-AVERAGE('Fat Spreads'!$AK$3:$AK$4308))/STDEV('Fat Spreads'!$AK$3:$AK$4308),"") -> -0.092057462 | AU5: =IFERROR('Fat Spreads'!AK5-'Fat Spreads'!AK10,"") -> 0 | AV5: =IFERROR('Fat Spreads'!AK5-'Fat Spreads'!AK15,"") -> 0 | AW5: =IFERROR(AVERAGE('Fat Spreads'!AK5:AK24)+2*STDEV('Fat Spreads'!AK5:AK24),"") -> 0 | AX5: =IFERROR(AVERAGE('Fat Spreads'!AK5:AK24)-2*STDEV('Fat Spreads'!AK5:AK24),"") -> 0 | AY5: =IFERROR(('Fat Spreads'!AK5-(AVERAGE('Fat Spreads'!AK5:AK24)-2*STDEV('Fat Spreads'!AK5:AK24)))/(4*STDEV('Fat Spreads'!AK5:AK24)),"") | AZ5: =IFERROR(4*STDEV('Fat Spreads'!AK5:AK24)/AVERAGE('Fat Spreads'!AK5:AK24),"") | BA5: 69.7935 | BB5: =IFERROR(SQRT((SUMSQ('Fat Spreads'!AK5:AK24)-2*SUMPRODUCT('Fat Spreads'!AK5:AK24,'Fat Spreads'!AK6:AK25)+SUMSQ('Fat Spreads'!AK6:AK25)-('Fat Spreads'!AK5-'Fat Spreads'!AK25)^2/20)/19),"") -> 0 | BD5: =IFERROR('Fat Spreads'!V5,"") -> 0 | BE5: =IFERROR(('Fat Spreads'!W5-AVERAGE('Fat Spreads'!$W$3:$W$4308))/STDEV('Fat Spreads'!$W$3:$W$4308),"") -> -0.092057462 | BF5: =IFERROR('Fat Spreads'!W5-'Fat Spreads'!W10,"") -> 0 | BG5: =IFERROR('Fat Spreads'!W5-'Fat Spreads'!W15,"") -> 0 | BH5: =IFERROR(AVERAGE('Fat Spreads'!W5:W24)+2*STDEV('Fat Spreads'!W5:W24),"") -> 0 | BI5: =IFERROR(AVERAGE('Fat Spreads'!W5:W24)-2*STDEV('Fat Spreads'!W5:W24),"") -> 0 | BJ5: =IFERROR(('Fat Spreads'!W5-(AVERAGE('Fat Spreads'!W5:W24)-2*STDEV('Fat Spreads'!W5:W24)))/(4*STDEV('Fat Spreads'!W5:W24)),"") | BK5: =IFERROR(4*STDEV('Fat Spreads'!W5:W24)/AVERAGE('Fat Spreads'!W5:W24),"") | BL5: 52.7996 | BM5: =IFERROR(SQRT((SUMSQ('Fat Spreads'!W5:W24)-2*SUMPRODUCT('Fat Spreads'!W5:W24,'Fat Spreads'!W6:W25)+SUMSQ('Fat Spreads'!W6:W25)-('Fat Spreads'!W5-'Fat Spreads'!W25)^2/20)/19),"") -> 0 | BO5: =IFERROR('Fat Spreads'!AC5,"") -> 0 | BP5: =IFERROR(('Fat Spreads'!AD5-AVERAGE('Fat Spreads'!$AD$3:$AD$4308))/STDEV('Fat Spreads'!$AD$3:$AD$4308),"") -> -0.092057462 | BQ5: =IFERROR('Fat Spreads'!AD5-'Fat Spreads'!AD10,"") -> 0 | BR5: =IFERROR('Fat Spreads'!AD5-'Fat Spreads'!AD15,"") -> 0 | BS5: =IFERROR(AVERAGE('Fat Spreads'!AD5:AD24)+2*STDEV('Fat Spreads'!AD5:AD24),"") -> 0 | BT5: =IFERROR(AVERAGE('Fat Spreads'!AD5:AD24)-2*STDEV('Fat Spreads'!AD5:AD24),"") -> 0 | BU5: =IFERROR(('Fat Spreads'!AD5-(AVERAGE('Fat Spreads'!AD5:AD24)-2*STDEV('Fat Spreads'!AD5:AD24)))/(4*STDEV('Fat Spreads'!AD5:AD24)),"") | BV5: =IFERROR(4*STDEV('Fat Spreads'!AD5:AD24)/AVERAGE('Fat Spreads'!AD5:AD24),"") | BW5: 53.7716 | BX5: =IFERROR(SQRT((SUMSQ('Fat Spreads'!AD5:AD24)-2*SUMPRODUCT('Fat Spreads'!AD5:AD24,'Fat Spreads'!AD6:AD25)+SUMSQ('Fat Spreads'!AD6:AD25)-('Fat Spreads'!AD5-'Fat Spreads'!AD25)^2/20)/19),"") -> 0 | BZ5: =IFERROR('Feeder Spreads'!A5,"") -> 0 | CA5: =IFERROR(('Feeder Spreads'!B5-AVERAGE('Feeder Spreads'!$B$3:$B$4308))/STDEV('Feeder Spreads'!$B$3:$B$4308),"") -> -0.092057462 | CB5: =IFERROR('Feeder Spreads'!B5-'Feeder Spreads'!B10,"") -> 0 | CC5: =IFERROR('Feeder Spreads'!B5-'Feeder Spreads'!B15,"") -> 0 | CD5: =IFERROR(AVERAGE('Feeder Spreads'!B5:B24)+2*STDEV('Feeder Spreads'!B5:B24),"") -> 0 | CE5: =IFERROR(AVERAGE('Feeder Spreads'!B5:B24)-2*STDEV('Feeder Spreads'!B5:B24),"") -> 0 | CF5: =IFERROR(('Feeder Spreads'!B5-(AVERAGE('Feeder Spreads'!B5:B24)-2*STDEV('Feeder Spreads'!B5:B24)))/(4*STDEV('Feeder Spreads'!B5:B24)),"") | CG5: =IFERROR(4*STDEV('Feeder Spreads'!B5:B24)/AVERAGE('Feeder Spreads'!B5:B24),"") | CH5: 53.493 | CI5: =IFERROR(SQRT((SUMSQ('Feeder Spreads'!B5:B24)-2*SUMPRODUCT('Feeder Spreads'!B5:B24,'Feeder Spreads'!B6:B25)+SUMSQ('Feeder Spreads'!B6:B25)-('Feeder Spreads'!B5-'Feeder Spreads'!B25)^2/20)/19),"") -> 0 | CK5: =IFERROR('Feeder Spreads'!AX5,"") -> 0 | CL5: =IFERROR(('Feeder Spreads'!AY5-AVERAGE('Feeder Spreads'!$AY$3:$AY$4308))/STDEV('Feeder Spreads'!$AY$3:$AY$4308),"") -> -0.092057462 | CM5: =IFERROR('Feeder Spreads'!AY5-'Feeder Spreads'!AY10,"") -> 0 | CN5: =IFERROR('Feeder Spreads'!AY5-'Feeder Spreads'!AY15,"") -> 0 | CO5: =IFERROR(AVERAGE('Feeder Spreads'!AY5:AY24)+2*STDEV('Feeder Spreads'!AY5:AY24),"") -> 0 | CP5: =IFERROR(AVERAGE('Feeder Spreads'!AY5:AY24)-2*STDEV('Feeder Spreads'!AY5:AY24),"") -> 0 | CQ5: =IFERROR(('Feeder Spreads'!AY5-(AVERAGE('Feeder Spreads'!AY5:AY24)-2*STDEV('Feeder Spreads'!AY5:AY24)))/(4*STDEV('Feeder Spreads'!AY5:AY24)),"") | CR5: =IFERROR(4*STDEV('Feeder Spreads'!AY5:AY24)/AVERAGE('Feeder Spreads'!AY5:AY24),"") | CS5: 46.0355 | CT5: =IFERROR(SQRT((SUMSQ('Feeder Spreads'!AY5:AY24)-2*SUMPRODUCT('Feeder Spreads'!AY5:AY24,'Feeder Spreads'!AY6:AY25)+SUMSQ('Feeder Spreads'!AY6:AY25)-('Feeder Spreads'!AY5-'Feeder Spreads'!AY25)^2/20)/19),"") -> 0 | CV5: =IFERROR('Feeder Spreads'!H5,"") -> 0 | CW5: =IFERROR(('Feeder Spreads'!I5-AVERAGE('Feeder Spreads'!$I$3:$I$4308))/STDEV('Feeder Spreads'!$I$3:$I$4308),"") -> -0.092057462 | CX5: =IFERROR('Feeder Spreads'!I5-'Feeder Spreads'!I10,"") -> 0 | CY5: =IFERROR('Feeder Spreads'!I5-'Feeder Spreads'!I15,"") -> 0 | CZ5: =IFERROR(AVERAGE('Feeder Spreads'!I5:I24)+2*STDEV('Feeder Spreads'!I5:I24),"") -> 0 | DA5: =IFERROR(AVERAGE('Feeder Spreads'!I5:I24)-2*STDEV('Feeder Spreads'!I5:I24),"") -> 0 | DB5: =IFERROR(('Feeder Spreads'!I5-(AVERAGE('Feeder Spreads'!I5:I24)-2*STDEV('Feeder Spreads'!I5:I24)))/(4*STDEV('Feeder Spreads'!I5:I24)),"") | DC5: =IFERROR(4*STDEV('Feeder Spreads'!I5:I24)/AVERAGE('Feeder Spreads'!I5:I24),"") | DD5: 44.284 | DE5: =IFERROR(SQRT((SUMSQ('Feeder Spreads'!I5:I24)-2*SUMPRODUCT('Feeder Spreads'!I5:I24,'Feeder Spreads'!I6:I25)+SUMSQ('Feeder Spreads'!I6:I25)-('Feeder Spreads'!I5-'Feeder Spreads'!I25)^2/20)/19),"") -> 0 | DG5: =IFERROR('Feeder Spreads'!O5,"") -> 0 | DH5: =IFERROR(('Feeder Spreads'!P5-AVERAGE('Feeder Spreads'!$P$3:$P$4308))/STDEV('Feeder Spreads'!$P$3:$P$4308),"") -> -0.092057462 | DI5: =IFERROR('Feeder Spreads'!P5-'Feeder Spreads'!P10,"") -> 0 | DJ5: =IFERROR('Feeder Spreads'!P5-'Feeder Spreads'!P15,"") -> 0 | DK5: =IFERROR(AVERAGE('Feeder Spreads'!P5:P24)+2*STDEV('Feeder Spreads'!P5:P24),"") -> 0 | DL5: =IFERROR(AVERAGE('Feeder Spreads'!P5:P24)-2*STDEV('Feeder Spreads'!P5:P24),"") -> 0 | DM5: =IFERROR(('Feeder Spreads'!P5-(AVERAGE('Feeder Spreads'!P5:P24)-2*STDEV('Feeder Spreads'!P5:P24)))/(4*STDEV('Feeder Spreads'!P5:P24)),"") | DN5: =IFERROR(4*STDEV('Feeder Spreads'!P5:P24)/AVERAGE('Feeder Spreads'!P5:P24),"") | DO5: 48.1514 | DP5: =IFERROR(SQRT((SUMSQ('Feeder Spreads'!P5:P24)-2*SUMPRODUCT('Feeder Spreads'!P5:P24,'Feeder Spreads'!P6:P25)+SUMSQ('Feeder Spreads'!P6:P25)-('Feeder Spreads'!P5-'Feeder Spreads'!P25)^2/20)/19),"") -> 0 | DR5: =IFERROR('Feeder Spreads'!V5,"") -> 0 | DS5: =IFERROR(('Feeder Spreads'!W5-AVERAGE('Feeder Spreads'!$W$3:$W$4308))/STDEV('Feeder Spreads'!$W$3:$W$4308),"") -> -0.092057462 | DT5: =IFERROR('Feeder Spreads'!W5-'Feeder Spreads'!W10,"") -> 0 | DU5: =IFERROR('Feeder Spreads'!W5-'Feeder Spreads'!W15,"") -> 0 | DV5: =IFERROR(AVERAGE('Feeder Spreads'!W5:W24)+2*STDEV('Feeder Spreads'!W5:W24),"") -> 0 | DW5: =IFERROR(AVERAGE('Feeder Spreads'!W5:W24)-2*STDEV('Feeder Spreads'!W5:W24),"") -> 0 | DX5: =IFERROR(('Feeder Spreads'!W5-(AVERAGE('Feeder Spreads'!W5:W24)-2*STDEV('Feeder Spreads'!W5:W24)))/(4*STDEV('Feeder Spreads'!W5:W24)),"") | DY5: =IFERROR(4*STDEV('Feeder Spreads'!W5:W24)/AVERAGE('Feeder Spreads'!W5:W24),"") | DZ5: 74.9992 | EA5: =IFERROR(SQRT((SUMSQ('Feeder Spreads'!W5:W24)-2*SUMPRODUCT('Feeder Spreads'!W5:W24,'Feeder Spreads'!W6:W25)+SUMSQ('Feeder Spreads'!W6:W25)-('Feeder Spreads'!W5-'Feeder Spreads'!W25)^2/20)/19),"") -> 0 | EC5: =IFERROR('Feeder Spreads'!AC5,"") -> 0 | ED5: =IFERROR(('Feeder Spreads'!AD5-AVERAGE('Feeder Spreads'!$AD$3:$AD$4308))/STDEV('Feeder Spreads'!$AD$3:$AD$4308),"") -> 0.092057462 | EE5: =IFERROR('Feeder Spreads'!AD5-'Feeder Spreads'!AD10,"") -> 0 | EF5: =IFERROR('Feeder Spreads'!AD5-'Feeder Spreads'!AD15,"") -> 0 | EG5: =IFERROR(AVERAGE('Feeder Spreads'!AD5:AD24)+2*STDEV('Feeder Spreads'!AD5:AD24),"") -> 0 | EH5: =IFERROR(AVERAGE('Feeder Spreads'!AD5:AD24)-2*STDEV('Feeder Spreads'!AD5:AD24),"") -> 0 | EI5: =IFERROR(('Feeder Spreads'!AD5-(AVERAGE('Feeder Spreads'!AD5:AD24)-2*STDEV('Feeder Spreads'!AD5:AD24)))/(4*STDEV('Feeder Spreads'!AD5:AD24)),"") | EJ5: =IFERROR(4*STDEV('Feeder Spreads'!AD5:AD24)/AVERAGE('Feeder Spreads'!AD5:AD24),"") | EK5: 28.7822 | EL5: =IFERROR(SQRT((SUMSQ('Feeder Spreads'!AD5:AD24)-2*SUMPRODUCT('Feeder Spreads'!AD5:AD24,'Feeder Spreads'!AD6:AD25)+SUMSQ('Feeder Spreads'!AD6:AD25)-('Feeder Spreads'!AD5-'Feeder Spreads'!AD25)^2/20)/19),"") -> 0 | EN5: =IFERROR('Feeder Spreads'!AJ5,"") -> 0 | EO5: =IFERROR(('Feeder Spreads'!AK5-AVERAGE('Feeder Spreads'!$AK$3:$AK$4308))/STDEV('Feeder Spreads'!$AK$3:$AK$4308),"") -> -0.092057462 | EP5: =IFERROR('Feeder Spreads'!AK5-'Feeder Spreads'!AK10,"") -> 0 | EQ5: =IFERROR('Feeder Spreads'!AK5-'Feeder Spreads'!AK15,"") -> 0 | ER5: =IFERROR(AVERAGE('Feeder Spreads'!AK5:AK24)+2*STDEV('Feeder Spreads'!AK5:AK24),"") -> 0 | ES5: =IFERROR(AVERAGE('Feeder Spreads'!AK5:AK24)-2*STDEV('Feeder Spreads'!AK5:AK24),"") -> 0 | ET5: =IFERROR(('Feeder Spreads'!AK5-(AVERAGE('Feeder Spreads'!AK5:AK24)-2*STDEV('Feeder Spreads'!AK5:AK24)))/(4*STDEV('Feeder Spreads'!AK5:AK24)),"") | EU5: =IFERROR(4*STDEV('Feeder Spreads'!AK5:AK24)/AVERAGE('Feeder Spreads'!AK5:AK24),"") | EV5: 38.7979 | EW5: =IFERROR(SQRT((SUMSQ('Feeder Spreads'!AK5:AK24)-2*SUMPRODUCT('Feeder Spreads'!AK5:AK24,'Feeder Spreads'!AK6:AK25)+SUMSQ('Feeder Spreads'!AK6:AK25)-('Feeder Spreads'!AK5-'Feeder Spreads'!AK25)^2/20)/19),"") -> 0 | EY5: =IFERROR('Feeder Spreads'!AQ5,"") -> 0 | EZ5: =IFERROR(('Feeder Spreads'!AR5-AVERAGE('Feeder Spreads'!$AR$3:$AR$4308))/STDEV('Feeder Spreads'!$AR$3:$AR$4308),"") -> -0.092057462 | FA5: =IFERROR('Feeder Spreads'!AR5-'Feeder Spreads'!AR10,"") -> 0 | FB5: =IFERROR('Feeder Spreads'!AR5-'Feeder Spreads'!AR15,"") -> 0 | FC5: =IFERROR(AVERAGE('Feeder Spreads'!AR5:AR24)+2*STDEV('Feeder Spreads'!AR5:AR24),"") -> 0 | FD5: =IFERROR(AVERAGE('Feeder Spreads'!AR5:AR24)-2*STDEV('Feeder Spreads'!AR5:AR24),"") -> 0 | FE5: =IFERROR(('Feeder Spreads'!AR5-(AVERAGE('Feeder Spreads'!AR5:AR24)-2*STDEV('Feeder Spreads'!AR5:AR24)))/(4*STDEV('Feeder Spreads'!AR5:AR24)),"") | FF5: =IFERROR(4*STDEV('Feeder Spreads'!AR5:AR24)/AVERAGE('Feeder Spreads'!AR5:AR24),"") | FG5: 43.5743 | FH5: =IFERROR(SQRT((SUMSQ('Feeder Spreads'!AR5:AR24)-2*SUMPRODUCT('Feeder Spreads'!AR5:AR24,'Feeder Spreads'!AR6:AR25)+SUMSQ('Feeder Spreads'!AR6:AR25)-('Feeder Spreads'!AR5-'Feeder Spreads'!AR25)^2/20)/19),"") -> 0 | FJ5: =IFERROR('Fat Spreads'!AX5,"") -> 0 | FK5: =IFERROR(('Fat Spreads'!AY5-AVERAGE('Fat Spreads'!$AY$3:$AY$4308))/STDEV('Fat Spreads'!$AY$3:$AY$4308),"") -> 0.092057462 | FL5: =IFERROR('Fat Spreads'!AY5-'Fat Spreads'!AY10,"") -> 0 | FM5: =IFERROR('Fat Spreads'!AY5-'Fat Spreads'!AY15,"") -> 0 | FN5: =IFERROR(AVERAGE('Fat Spreads'!AY5:AY24)+2*STDEV('Fat Spreads'!AY5:AY24),"") -> 0 | FO5: =IFERROR(AVERAGE('Fat Spreads'!AY5:AY24)-2*STDEV('Fat Spreads'!AY5:AY24),"") -> 0 | FP5: =IFERROR(('Fat Spreads'!AY5-(AVERAGE('Fat Spreads'!AY5:AY24)-2*STDEV('Fat Spreads'!AY5:AY24)))/(4*STDEV('Fat Spreads'!AY5:AY24)),"") | FQ5: =IFERROR(4*STDEV('Fat Spreads'!AY5:AY24)/AVERAGE('Fat Spreads'!AY5:AY24),"") | FR5: 37.5457 | FS5: =IFERROR(SQRT((SUMSQ('Fat Spreads'!AY5:AY24)-2*SUMPRODUCT('Fat Spreads'!AY5:AY24,'Fat Spreads'!AY6:AY25)+SUMSQ('Fat Spreads'!AY6:AY25)-('Fat Spreads'!AY5-'Fat Spreads'!AY25)^2/20)/19),"") -> 0 | FU5: =IFERROR('Fat Spreads'!BE5,"") -> 0 | FV5: =IFERROR(('Fat Spreads'!BF5-AVERAGE('Fat Spreads'!$BF$3:$BF$4308))/STDEV('Fat Spreads'!$BF$3:$BF$4308),"") -> 0.092057462 | FW5: =IFERROR('Fat Spreads'!BF5-'Fat Spreads'!BF10,"") -> 0 | FX5: =IFERROR('Fat Spreads'!BF5-'Fat Spreads'!BF15,"") -> 0 | FY5: =IFERROR(AVERAGE('Fat Spreads'!BF5:BF24)+2*STDEV('Fat Spreads'!BF5:BF24),"") -> 0 | FZ5: =IFERROR(AVERAGE('Fat Spreads'!BF5:BF24)-2*STDEV('Fat Spreads'!BF5:BF24),"") -> 0 | GA5: =IFERROR(('Fat Spreads'!BF5-(AVERAGE('Fat Spreads'!BF5:BF24)-2*STDEV('Fat Spreads'!BF5:BF24)))/(4*STDEV('Fat Spreads'!BF5:BF24)),"") | GB5: =IFERROR(4*STDEV('Fat Spreads'!BF5:BF24)/AVERAGE('Fat Spreads'!BF5:BF24),"") | GC5: 24.7992 | GD5: =IFERROR(SQRT((SUMSQ('Fat Spreads'!BF5:BF24)-2*SUMPRODUCT('Fat Spreads'!BF5:BF24,'Fat Spreads'!BF6:BF25)+SUMSQ('Fat Spreads'!BF6:BF25)-('Fat Spreads'!BF5-'Fat Spreads'!BF25)^2/20)/19),"") -> 0
A6: =IFERROR('Fat Spreads'!A6,"") -> 0 | B6: =IFERROR(('Fat Spreads'!B6-AVERAGE('Fat Spreads'!$B$3:$B$4308))/STDEV('Fat Spreads'!$B$3:$B$4308),"") -> 0.092057462 | C6: =IFERROR('Fat Spreads'!B6-'Fat Spreads'!B11,"") -> 0 | D6: =IFERROR('Fat Spreads'!B6-'Fat Spreads'!B16,"") -> 0 | E6: =IFERROR(AVERAGE('Fat Spreads'!B6:B25)+2*STDEV('Fat Spreads'!B6:B25),"") -> 0 | F6: =IFERROR(AVERAGE('Fat Spreads'!B6:B25)-2*STDEV('Fat Spreads'!B6:B25),"") -> 0 | G6: =IFERROR(('Fat Spreads'!B6-(AVERAGE('Fat Spreads'!B6:B25)-2*STDEV('Fat Spreads'!B6:B25)))/(4*STDEV('Fat Spreads'!B6:B25)),"") | H6: =IFERROR(4*STDEV('Fat Spreads'!B6:B25)/AVERAGE('Fat Spreads'!B6:B25),"") | I6: 20.6484 | J6: =IFERROR(SQRT((SUMSQ('Fat Spreads'!B6:B25)-2*SUMPRODUCT('Fat Spreads'!B6:B25,'Fat Spreads'!B7:B26)+SUMSQ('Fat Spreads'!B7:B26)-('Fat Spreads'!B6-'Fat Spreads'!B26)^2/20)/19),"") -> 0 | L6: =IFERROR('Fat Spreads'!H6,"") -> 0 | M6: =IFERROR(('Fat Spreads'!I6-AVERAGE('Fat Spreads'!$I$3:$I$4308))/STDEV('Fat Spreads'!$I$3:$I$4308),"") -> -0.092057462 | N6: =IFERROR('Fat Spreads'!I6-'Fat Spreads'!I11,"") -> 0 | O6: =IFERROR('Fat Spreads'!I6-'Fat Spreads'!I16,"") -> 0 | P6: =IFERROR(AVERAGE('Fat Spreads'!I6:I25)+2*STDEV('Fat Spreads'!I6:I25),"") -> 0 | Q6: =IFERROR(AVERAGE('Fat Spreads'!I6:I25)-2*STDEV('Fat Spreads'!I6:I25),"") -> 0 | R6: =IFERROR(('Fat Spreads'!I6-(AVERAGE('Fat Spreads'!I6:I25)-2*STDEV('Fat Spreads'!I6:I25)))/(4*STDEV('Fat Spreads'!I6:I25)),"") | S6: =IFERROR(4*STDEV('Fat Spreads'!I6:I25)/AVERAGE('Fat Spreads'!I6:I25),"") | T6: 65.2508 | U6: =IFERROR(SQRT((SUMSQ('Fat Spreads'!I6:I25)-2*SUMPRODUCT('Fat Spreads'!I6:I25,'Fat Spreads'!I7:I26)+SUMSQ('Fat Spreads'!I7:I26)-('Fat Spreads'!I6-'Fat Spreads'!I26)^2/20)/19),"") -> 0 | W6: =IFERROR('Fat Spreads'!AQ6,"") -> 0 | X6: =IFERROR(('Fat Spreads'!AR6-AVERAGE('Fat Spreads'!$AR$3:$AR$4308))/STDEV('Fat Spreads'!$AR$3:$AR$4308),"") -> -0.092057462 | Y6: =IFERROR('Fat Spreads'!AR6-'Fat Spreads'!AR11,"") -> 0 | Z6: =IFERROR('Fat Spreads'!AR6-'Fat Spreads'!AR16,"") -> 0 | AA6: =IFERROR(AVERAGE('Fat Spreads'!AR6:AR25)+2*STDEV('Fat Spreads'!AR6:AR25),"") -> 0 | AB6: =IFERROR(AVERAGE('Fat Spreads'!AR6:AR25)-2*STDEV('Fat Spreads'!AR6:AR25),"") -> 0 | AC6: =IFERROR(('Fat Spreads'!AR6-(AVERAGE('Fat Spreads'!AR6:AR25)-2*STDEV('Fat Spreads'!AR6:AR25)))/(4*STDEV('Fat Spreads'!AR6:AR25)),"") | AD6: =IFERROR(4*STDEV('Fat Spreads'!AR6:AR25)/AVERAGE('Fat Spreads'!AR6:AR25),"") | AE6: 61.1404 | AF6: =IFERROR(SQRT((SUMSQ('Fat Spreads'!AR6:AR25)-2*SUMPRODUCT('Fat Spreads'!AR6:AR25,'Fat Spreads'!AR7:AR26)+SUMSQ('Fat Spreads'!AR7:AR26)-('Fat Spreads'!AR6-'Fat Spreads'!AR26)^2/20)/19),"") -> 0 | AH6: =IFERROR('Fat Spreads'!O6,"") -> 0 | AI6: =IFERROR(('Fat Spreads'!P6-AVERAGE('Fat Spreads'!$P$3:$P$4308))/STDEV('Fat Spreads'!$P$3:$P$4308),"") -> -0.092057462 | AJ6: =IFERROR('Fat Spreads'!P6-'Fat Spreads'!P11,"") -> 0 | AK6: =IFERROR('Fat Spreads'!P6-'Fat Spreads'!P16,"") -> 0 | AL6: =IFERROR(AVERAGE('Fat Spreads'!P6:P25)+2*STDEV('Fat Spreads'!P6:P25),"") -> 0 | AM6: =IFERROR(AVERAGE('Fat Spreads'!P6:P25)-2*STDEV('Fat Spreads'!P6:P25),"") -> 0 | AN6: =IFERROR(('Fat Spreads'!P6-(AVERAGE('Fat Spreads'!P6:P25)-2*STDEV('Fat Spreads'!P6:P25)))/(4*STDEV('Fat Spreads'!P6:P25)),"") | AO6: =IFERROR(4*STDEV('Fat Spreads'!P6:P25)/AVERAGE('Fat Spreads'!P6:P25),"") | AP6: 61.3082 | AQ6: =IFERROR(SQRT((SUMSQ('Fat Spreads'!P6:P25)-2*SUMPRODUCT('Fat Spreads'!P6:P25,'Fat Spreads'!P7:P26)+SUMSQ('Fat Spreads'!P7:P26)-('Fat Spreads'!P6-'Fat Spreads'!P26)^2/20)/19),"") -> 0 | AS6: =IFERROR('Fat Spreads'!AJ6,"") -> 0 | AT6: =IFERROR(('Fat Spreads'!AK6-AVERAGE('Fat Spreads'!$AK$3:$AK$4308))/STDEV('Fat Spreads'!$AK$3:$AK$4308),"") -> -0.092057462 | AU6: =IFERROR('Fat Spreads'!AK6-'Fat Spreads'!AK11,"") -> 0 | AV6: =IFERROR('Fat Spreads'!AK6-'Fat Spreads'!AK16,"") -> 0 | AW6: =IFERROR(AVERAGE('Fat Spreads'!AK6:AK25)+2*STDEV('Fat Spreads'!AK6:AK25),"") -> 0 | AX6: =IFERROR(AVERAGE('Fat Spreads'!AK6:AK25)-2*STDEV('Fat Spreads'!AK6:AK25),"") -> 0 | AY6: =IFERROR(('Fat Spreads'!AK6-(AVERAGE('Fat Spreads'!AK6:AK25)-2*STDEV('Fat Spreads'!AK6:AK25)))/(4*STDEV('Fat Spreads'!AK6:AK25)),"") | AZ6: =IFERROR(4*STDEV('Fat Spreads'!AK6:AK25)/AVERAGE('Fat Spreads'!AK6:AK25),"") | BA6: 69.9351 | BB6: =IFERROR(SQRT((SUMSQ('Fat Spreads'!AK6:AK25)-2*SUMPRODUCT('Fat Spreads'!AK6:AK25,'Fat Spreads'!AK7:AK26)+SUMSQ('Fat Spreads'!AK7:AK26)-('Fat Spreads'!AK6-'Fat Spreads'!AK26)^2/20)/19),"") -> 0 | BD6: =IFERROR('Fat Spreads'!V6,"") -> 0 | BE6: =IFERROR(('Fat Spreads'!W6-AVERAGE('Fat Spreads'!$W$3:$W$4308))/STDEV('Fat Spreads'!$W$3:$W$4308),"") -> -0.092057462 | BF6: =IFERROR('Fat Spreads'!W6-'Fat Spreads'!W11,"") -> 0 | BG6: =IFERROR('Fat Spreads'!W6-'Fat Spreads'!W16,"") -> 0 | BH6: =IFERROR(AVERAGE('Fat Spreads'!W6:W25)+2*STDEV('Fat Spreads'!W6:W25),"") -> 0 | BI6: =IFERROR(AVERAGE('Fat Spreads'!W6:W25)-2*STDEV('Fat Spreads'!W6:W25),"") -> 0 | BJ6: =IFERROR(('Fat Spreads'!W6-(AVERAGE('Fat Spreads'!W6:W25)-2*STDEV('Fat Spreads'!W6:W25)))/(4*STDEV('Fat Spreads'!W6:W25)),"") | BK6: =IFERROR(4*STDEV('Fat Spreads'!W6:W25)/AVERAGE('Fat Spreads'!W6:W25),"") | BL6: 59.4027 | BM6: =IFERROR(SQRT((SUMSQ('Fat Spreads'!W6:W25)-2*SUMPRODUCT('Fat Spreads'!W6:W25,'Fat Spreads'!W7:W26)+SUMSQ('Fat Spreads'!W7:W26)-('Fat Spreads'!W6-'Fat Spreads'!W26)^2/20)/19),"") -> 0 | BO6: =IFERROR('Fat Spreads'!AC6,"") -> 0 | BP6: =IFERROR(('Fat Spreads'!AD6-AVERAGE('Fat Spreads'!$AD$3:$AD$4308))/STDEV('Fat Spreads'!$AD$3:$AD$4308),"") -> -0.092057462 | BQ6: =IFERROR('Fat Spreads'!AD6-'Fat Spreads'!AD11,"") -> 0 | BR6: =IFERROR('Fat Spreads'!AD6-'Fat Spreads'!AD16,"") -> 0 | BS6: =IFERROR(AVERAGE('Fat Spreads'!AD6:AD25)+2*STDEV('Fat Spreads'!AD6:AD25),"") -> 0 | BT6: =IFERROR(AVERAGE('Fat Spreads'!AD6:AD25)-2*STDEV('Fat Spreads'!AD6:AD25),"") -> 0 | BU6: =IFERROR(('Fat Spreads'!AD6-(AVERAGE('Fat Spreads'!AD6:AD25)-2*STDEV('Fat Spreads'!AD6:AD25)))/(4*STDEV('Fat Spreads'!AD6:AD25)),"") | BV6: =IFERROR(4*STDEV('Fat Spreads'!AD6:AD25)/AVERAGE('Fat Spreads'!AD6:AD25),"") | BW6: 52.8941 | BX6: =IFERROR(SQRT((SUMSQ('Fat Spreads'!AD6:AD25)-2*SUMPRODUCT('Fat Spreads'!AD6:AD25,'Fat Spreads'!AD7:AD26)+SUMSQ('Fat Spreads'!AD7:AD26)-('Fat Spreads'!AD6-'Fat Spreads'!AD26)^2/20)/19),"") -> 0 | BZ6: =IFERROR('Feeder Spreads'!A6,"") -> 0 | CA6: =IFERROR(('Feeder Spreads'!B6-AVERAGE('Feeder Spreads'!$B$3:$B$4308))/STDEV('Feeder Spreads'!$B$3:$B$4308),"") -> -0.092057462 | CB6: =IFERROR('Feeder Spreads'!B6-'Feeder Spreads'!B11,"") -> 0 | CC6: =IFERROR('Feeder Spreads'!B6-'Feeder Spreads'!B16,"") -> 0 | CD6: =IFERROR(AVERAGE('Feeder Spreads'!B6:B25)+2*STDEV('Feeder Spreads'!B6:B25),"") -> 0 | CE6: =IFERROR(AVERAGE('Feeder Spreads'!B6:B25)-2*STDEV('Feeder Spreads'!B6:B25),"") -> 0 | CF6: =IFERROR(('Feeder Spreads'!B6-(AVERAGE('Feeder Spreads'!B6:B25)-2*STDEV('Feeder Spreads'!B6:B25)))/(4*STDEV('Feeder Spreads'!B6:B25)),"") | CG6: =IFERROR(4*STDEV('Feeder Spreads'!B6:B25)/AVERAGE('Feeder Spreads'!B6:B25),"") | CH6: 56.2695 | CI6: =IFERROR(SQRT((SUMSQ('Feeder Spreads'!B6:B25)-2*SUMPRODUCT('Feeder Spreads'!B6:B25,'Feeder Spreads'!B7:B26)+SUMSQ('Feeder Spreads'!B7:B26)-('Feeder Spreads'!B6-'Feeder Spreads'!B26)^2/20)/19),"") -> 0 | CK6: =IFERROR('Feeder Spreads'!AX6,"") -> 0 | CL6: =IFERROR(('Feeder Spreads'!AY6-AVERAGE('Feeder Spreads'!$AY$3:$AY$4308))/STDEV('Feeder Spreads'!$AY$3:$AY$4308),"") -> -0.092057462 | CM6: =IFERROR('Feeder Spreads'!AY6-'Feeder Spreads'!AY11,"") -> 0 | CN6: =IFERROR('Feeder Spreads'!AY6-'Feeder Spreads'!AY16,"") -> 0 | CO6: =IFERROR(AVERAGE('Feeder Spreads'!AY6:AY25)+2*STDEV('Feeder Spreads'!AY6:AY25),"") -> 0 | CP6: =IFERROR(AVERAGE('Feeder Spreads'!AY6:AY25)-2*STDEV('Feeder Spreads'!AY6:AY25),"") -> 0 | CQ6: =IFERROR(('Feeder Spreads'!AY6-(AVERAGE('Feeder Spreads'!AY6:AY25)-2*STDEV('Feeder Spreads'!AY6:AY25)))/(4*STDEV('Feeder Spreads'!AY6:AY25)),"") | CR6: =IFERROR(4*STDEV('Feeder Spreads'!AY6:AY25)/AVERAGE('Feeder Spreads'!AY6:AY25),"") | CS6: 47.9742 | CT6: =IFERROR(SQRT((SUMSQ('Feeder Spreads'!AY6:AY25)-2*SUMPRODUCT('Feeder Spreads'!AY6:AY25,'Feeder Spreads'!AY7:AY26)+SUMSQ('Feeder Spreads'!AY7:AY26)-('Feeder Spreads'!AY6-'Feeder Spreads'!AY26)^2/20)/19),"") -> 0 | CV6: =IFERROR('Feeder Spreads'!H6,"") -> 0 | CW6: =IFERROR(('Feeder Spreads'!I6-AVERAGE('Feeder Spreads'!$I$3:$I$4308))/STDEV('Feeder Spreads'!$I$3:$I$4308),"") -> -0.092057462 | CX6: =IFERROR('Feeder Spreads'!I6-'Feeder Spreads'!I11,"") -> 0 | CY6: =IFERROR('Feeder Spreads'!I6-'Feeder Spreads'!I16,"") -> 0 | CZ6: =IFERROR(AVERAGE('Feeder Spreads'!I6:I25)+2*STDEV('Feeder Spreads'!I6:I25),"") -> 0 | DA6: =IFERROR(AVERAGE('Feeder Spreads'!I6:I25)-2*STDEV('Feeder Spreads'!I6:I25),"") -> 0 | DB6: =IFERROR(('Feeder Spreads'!I6-(AVERAGE('Feeder Spreads'!I6:I25)-2*STDEV('Feeder Spreads'!I6:I25)))/(4*STDEV('Feeder Spreads'!I6:I25)),"") | DC6: =IFERROR(4*STDEV('Feeder Spreads'!I6:I25)/AVERAGE('Feeder Spreads'!I6:I25),"") | DD6: 42.8433 | DE6: =IFERROR(SQRT((SUMSQ('Feeder Spreads'!I6:I25)-2*SUMPRODUCT('Feeder Spreads'!I6:I25,'Feeder Spreads'!I7:I26)+SUMSQ('Feeder Spreads'!I7:I26)-('Feeder Spreads'!I6-'Feeder Spreads'!I26)^2/20)/19),"") -> 0 | DG6: =IFERROR('Feeder Spreads'!O6,"") -> 0 | DH6: =IFERROR(('Feeder Spreads'!P6-AVERAGE('Feeder Spreads'!$P$3:$P$4308))/STDEV('Feeder Spreads'!$P$3:$P$4308),"") -> -0.092057462 | DI6: =IFERROR('Feeder Spreads'!P6-'Feeder Spreads'!P11,"") -> 0 | DJ6: =IFERROR('Feeder Spreads'!P6-'Feeder Spreads'!P16,"") -> 0 | DK6: =IFERROR(AVERAGE('Feeder Spreads'!P6:P25)+2*STDEV('Feeder Spreads'!P6:P25),"") -> 0 | DL6: =IFERROR(AVERAGE('Feeder Spreads'!P6:P25)-2*STDEV('Feeder Spreads'!P6:P25),"") -> 0 | DM6: =IFERROR(('Feeder Spreads'!P6-(AVERAGE('Feeder Spreads'!P6:P25)-2*STDEV('Feeder Spreads'!P6:P25)))/(4*STDEV('Feeder Spreads'!P6:P25)),"") | DN6: =IFERROR(4*STDEV('Feeder Spreads'!P6:P25)/AVERAGE('Feeder Spreads'!P6:P25),"") | DO6: 49.9514 | DP6: =IFERROR(SQRT((SUMSQ('Feeder Spreads'!P6:P25)-2*SUMPRODUCT('Feeder Spreads'!P6:P25,'Feeder Spreads'!P7:P26)+SUMSQ('Feeder Spreads'!P7:P26)-('Feeder Spreads'!P6-'Feeder Spreads'!P26)^2/20)/19),"") -> 0 | DR6: =IFERROR('Feeder Spreads'!V6,"") -> 0 | DS6: =IFERROR(('Feeder Spreads'!W6-AVERAGE('Feeder Spreads'!$W$3:$W$4308))/STDEV('Feeder Spreads'!$W$3:$W$4308),"") -> -0.092057462 | DT6: =IFERROR('Feeder Spreads'!W6-'Feeder Spreads'!W11,"") -> 0 | DU6: =IFERROR('Feeder Spreads'!W6-'Feeder Spreads'!W16,"") -> 0 | DV6: =IFERROR(AVERAGE('Feeder Spreads'!W6:W25)+2*STDEV('Feeder Spreads'!W6:W25),"") -> 0 | DW6: =IFERROR(AVERAGE('Feeder Spreads'!W6:W25)-2*STDEV('Feeder Spreads'!W6:W25),"") -> 0 | DX6: =IFERROR(('Feeder Spreads'!W6-(AVERAGE('Feeder Spreads'!W6:W25)-2*STDEV('Feeder Spreads'!W6:W25)))/(4*STDEV('Feeder Spreads'!W6:W25)),"") | DY6: =IFERROR(4*STDEV('Feeder Spreads'!W6:W25)/AVERAGE('Feeder Spreads'!W6:W25),"") | DZ6: 51.37 | EA6: =IFERROR(SQRT((SUMSQ('Feeder Spreads'!W6:W25)-2*SUMPRODUCT('Feeder Spreads'!W6:W25,'Feeder Spreads'!W7:W26)+SUMSQ('Feeder Spreads'!W7:W26)-('Feeder Spreads'!W6-'Feeder Spreads'!W26)^2/20)/19),"") -> 0 | EC6: =IFERROR('Feeder Spreads'!AC6,"") -> 0 | ED6: =IFERROR(('Feeder Spreads'!AD6-AVERAGE('Feeder Spreads'!$AD$3:$AD$4308))/STDEV('Feeder Spreads'!$AD$3:$AD$4308),"") -> 0.092057462 | EE6: =IFERROR('Feeder Spreads'!AD6-'Feeder Spreads'!AD11,"") -> 0 | EF6: =IFERROR('Feeder Spreads'!AD6-'Feeder Spreads'!AD16,"") -> 0 | EG6: =IFERROR(AVERAGE('Feeder Spreads'!AD6:AD25)+2*STDEV('Feeder Spreads'!AD6:AD25),"") -> 0 | EH6: =IFERROR(AVERAGE('Feeder Spreads'!AD6:AD25)-2*STDEV('Feeder Spreads'!AD6:AD25),"") -> 0 | EI6: =IFERROR(('Feeder Spreads'!AD6-(AVERAGE('Feeder Spreads'!AD6:AD25)-2*STDEV('Feeder Spreads'!AD6:AD25)))/(4*STDEV('Feeder Spreads'!AD6:AD25)),"") | EJ6: =IFERROR(4*STDEV('Feeder Spreads'!AD6:AD25)/AVERAGE('Feeder Spreads'!AD6:AD25),"") | EK6: 44.406 | EL6: =IFERROR(SQRT((SUMSQ('Feeder Spreads'!AD6:AD25)-2*SUMPRODUCT('Feeder Spreads'!AD6:AD25,'Feeder Spreads'!AD7:AD26)+SUMSQ('Feeder Spreads'!AD7:AD26)-('Feeder Spreads'!AD6-'Feeder Spreads'!AD26)^2/20)/19),"") -> 0 | EN6: =IFERROR('Feeder Spreads'!AJ6,"") -> 0 | EO6: =IFERROR(('Feeder Spreads'!AK6-AVERAGE('Feeder Spreads'!$AK$3:$AK$4308))/STDEV('Feeder Spreads'!$AK$3:$AK$4308),"") -> -0.092057462 | EP6: =IFERROR('Feeder Spreads'!AK6-'Feeder Spreads'!AK11,"") -> 0 | EQ6: =IFERROR('Feeder Spreads'!AK6-'Feeder Spreads'!AK16,"") -> 0 | ER6: =IFERROR(AVERAGE('Feeder Spreads'!AK6:AK25)+2*STDEV('Feeder Spreads'!AK6:AK25),"") -> 0 | ES6: =IFERROR(AVERAGE('Feeder Spreads'!AK6:AK25)-2*STDEV('Feeder Spreads'!AK6:AK25),"") -> 0 | ET6: =IFERROR(('Feeder Spreads'!AK6-(AVERAGE('Feeder Spreads'!AK6:AK25)-2*STDEV('Feeder Spreads'!AK6:AK25)))/(4*STDEV('Feeder Spreads'!AK6:AK25)),"") | EU6: =IFERROR(4*STDEV('Feeder Spreads'!AK6:AK25)/AVERAGE('Feeder Spreads'!AK6:AK25),"") | EV6: 40.3626 | EW6: =IFERROR(SQRT((SUMSQ('Feeder Spreads'!AK6:AK25)-2*SUMPRODUCT('Feeder Spreads'!AK6:AK25,'Feeder Spreads'!AK7:AK26)+SUMSQ('Feeder Spreads'!AK7:AK26)-('Feeder Spreads'!AK6-'Feeder Spreads'!AK26)^2/20)/19),"") -> 0 | EY6: =IFERROR('Feeder Spreads'!AQ6,"") -> 0 | EZ6: =IFERROR(('Feeder Spreads'!AR6-AVERAGE('Feeder Spreads'!$AR$3:$AR$4308))/STDEV('Feeder Spreads'!$AR$3:$AR$4308),"") -> -0.092057462 | FA6: =IFERROR('Feeder Spreads'!AR6-'Feeder Spreads'!AR11,"") -> 0 | FB6: =IFERROR('Feeder Spreads'!AR6-'Feeder Spreads'!AR16,"") -> 0 | FC6: =IFERROR(AVERAGE('Feeder Spreads'!AR6:AR25)+2*STDEV('Feeder Spreads'!AR6:AR25),"") -> 0 | FD6: =IFERROR(AVERAGE('Feeder Spreads'!AR6:AR25)-2*STDEV('Feeder Spreads'!AR6:AR25),"") -> 0 | FE6: =IFERROR(('Feeder Spreads'!AR6-(AVERAGE('Feeder Spreads'!AR6:AR25)-2*STDEV('Feeder Spreads'!AR6:AR25)))/(4*STDEV('Feeder Spreads'!AR6:AR25)),"") | FF6: =IFERROR(4*STDEV('Feeder Spreads'!AR6:AR25)/AVERAGE('Feeder Spreads'!AR6:AR25),"") | FG6: 46.5433 | FH6: =IFERROR(SQRT((SUMSQ('Feeder Spreads'!AR6:AR25)-2*SUMPRODUCT('Feeder Spreads'!AR6:AR25,'Feeder Spreads'!AR7:AR26)+SUMSQ('Feeder Spreads'!AR7:AR26)-('Feeder Spreads'!AR6-'Feeder Spreads'!AR26)^2/20)/19),"") -> 0 | FJ6: =IFERROR('Fat Spreads'!AX6,"") -> 0 | FK6: =IFERROR(('Fat Spreads'!AY6-AVERAGE('Fat Spreads'!$AY$3:$AY$4308))/STDEV('Fat Spreads'!$AY$3:$AY$4308),"") -> 0.092057462 | FL6: =IFERROR('Fat Spreads'!AY6-'Fat Spreads'!AY11,"") -> 0 | FM6: =IFERROR('Fat Spreads'!AY6-'Fat Spreads'!AY16,"") -> 0 | FN6: =IFERROR(AVERAGE('Fat Spreads'!AY6:AY25)+2*STDEV('Fat Spreads'!AY6:AY25),"") -> 0 | FO6: =IFERROR(AVERAGE('Fat Spreads'!AY6:AY25)-2*STDEV('Fat Spreads'!AY6:AY25),"") -> 0 | FP6: =IFERROR(('Fat Spreads'!AY6-(AVERAGE('Fat Spreads'!AY6:AY25)-2*STDEV('Fat Spreads'!AY6:AY25)))/(4*STDEV('Fat Spreads'!AY6:AY25)),"") | FQ6: =IFERROR(4*STDEV('Fat Spreads'!AY6:AY25)/AVERAGE('Fat Spreads'!AY6:AY25),"") | FR6: 36.5976 | FS6: =IFERROR(SQRT((SUMSQ('Fat Spreads'!AY6:AY25)-2*SUMPRODUCT('Fat Spreads'!AY6:AY25,'Fat Spreads'!AY7:AY26)+SUMSQ('Fat Spreads'!AY7:AY26)-('Fat Spreads'!AY6-'Fat Spreads'!AY26)^2/20)/19),"") -> 0 | FU6: =IFERROR('Fat Spreads'!BE6,"") -> 0 | FV6: =IFERROR(('Fat Spreads'!BF6-AVERAGE('Fat Spreads'!$BF$3:$BF$4308))/STDEV('Fat Spreads'!$BF$3:$BF$4308),"") -> 0.092057462 | FW6: =IFERROR('Fat Spreads'!BF6-'Fat Spreads'!BF11,"") -> 0 | FX6: =IFERROR('Fat Spreads'!BF6-'Fat Spreads'!BF16,"") -> 0 | FY6: =IFERROR(AVERAGE('Fat Spreads'!BF6:BF25)+2*STDEV('Fat Spreads'!BF6:BF25),"") -> 0 | FZ6: =IFERROR(AVERAGE('Fat Spreads'!BF6:BF25)-2*STDEV('Fat Spreads'!BF6:BF25),"") -> 0 | GA6: =IFERROR(('Fat Spreads'!BF6-(AVERAGE('Fat Spreads'!BF6:BF25)-2*STDEV('Fat Spreads'!BF6:BF25)))/(4*STDEV('Fat Spreads'!BF6:BF25)),"") | GB6: =IFERROR(4*STDEV('Fat Spreads'!BF6:BF25)/AVERAGE('Fat Spreads'!BF6:BF25),"") | GC6: 24.5493 | GD6: =IFERROR(SQRT((SUMSQ('Fat Spreads'!BF6:BF25)-2*SUMPRODUCT('Fat Spreads'!BF6:BF25,'Fat Spreads'!BF7:BF26)+SUMSQ('Fat Spreads'!BF7:BF26)-('Fat Spreads'!BF6-'Fat Spreads'!BF26)^2/20)/19),"") -> 0
A7: =IFERROR('Fat Spreads'!A7,"") -> 0 | B7: =IFERROR(('Fat Spreads'!B7-AVERAGE('Fat Spreads'!$B$3:$B$4308))/STDEV('Fat Spreads'!$B$3:$B$4308),"") -> 0.092057462 | C7: =IFERROR('Fat Spreads'!B7-'Fat Spreads'!B12,"") -> 0 | D7: =IFERROR('Fat Spreads'!B7-'Fat Spreads'!B17,"") -> 0 | E7: =IFERROR(AVERAGE('Fat Spreads'!B7:B26)+2*STDEV('Fat Spreads'!B7:B26),"") -> 0 | F7: =IFERROR(AVERAGE('Fat Spreads'!B7:B26)-2*STDEV('Fat Spreads'!B7:B26),"") -> 0 | G7: =IFERROR(('Fat Spreads'!B7-(AVERAGE('Fat Spreads'!B7:B26)-2*STDEV('Fat Spreads'!B7:B26)))/(4*STDEV('Fat Spreads'!B7:B26)),"") | H7: =IFERROR(4*STDEV('Fat Spreads'!B7:B26)/AVERAGE('Fat Spreads'!B7:B26),"") | I7: 48.0144 | J7: =IFERROR(SQRT((SUMSQ('Fat Spreads'!B7:B26)-2*SUMPRODUCT('Fat Spreads'!B7:B26,'Fat Spreads'!B8:B27)+SUMSQ('Fat Spreads'!B8:B27)-('Fat Spreads'!B7-'Fat Spreads'!B27)^2/20)/19),"") -> 0 | L7: =IFERROR('Fat Spreads'!H7,"") -> 0 | M7: =IFERROR(('Fat Spreads'!I7-AVERAGE('Fat Spreads'!$I$3:$I$4308))/STDEV('Fat Spreads'!$I$3:$I$4308),"") -> -0.092057462 | N7: =IFERROR('Fat Spreads'!I7-'Fat Spreads'!I12,"") -> 0 | O7: =IFERROR('Fat Spreads'!I7-'Fat Spreads'!I17,"") -> 0 | P7: =IFERROR(AVERAGE('Fat Spreads'!I7:I26)+2*STDEV('Fat Spreads'!I7:I26),"") -> 0 | Q7: =IFERROR(AVERAGE('Fat Spreads'!I7:I26)-2*STDEV('Fat Spreads'!I7:I26),"") -> 0 | R7: =IFERROR(('Fat Spreads'!I7-(AVERAGE('Fat Spreads'!I7:I26)-2*STDEV('Fat Spreads'!I7:I26)))/(4*STDEV('Fat Spreads'!I7:I26)),"") | S7: =IFERROR(4*STDEV('Fat Spreads'!I7:I26)/AVERAGE('Fat Spreads'!I7:I26),"") | T7: 67.9553 | U7: =IFERROR(SQRT((SUMSQ('Fat Spreads'!I7:I26)-2*SUMPRODUCT('Fat Spreads'!I7:I26,'Fat Spreads'!I8:I27)+SUMSQ('Fat Spreads'!I8:I27)-('Fat Spreads'!I7-'Fat Spreads'!I27)^2/20)/19),"") -> 0 | W7: =IFERROR('Fat Spreads'!AQ7,"") -> 0 | X7: =IFERROR(('Fat Spreads'!AR7-AVERAGE('Fat Spreads'!$AR$3:$AR$4308))/STDEV('Fat Spreads'!$AR$3:$AR$4308),"") -> -0.092057462 | Y7: =IFERROR('Fat Spreads'!AR7-'Fat Spreads'!AR12,"") -> 0 | Z7: =IFERROR('Fat Spreads'!AR7-'Fat Spreads'!AR17,"") -> 0 | AA7: =IFERROR(AVERAGE('Fat Spreads'!AR7:AR26)+2*STDEV('Fat Spreads'!AR7:AR26),"") -> 0 | AB7: =IFERROR(AVERAGE('Fat Spreads'!AR7:AR26)-2*STDEV('Fat Spreads'!AR7:AR26),"") -> 0 | AC7: =IFERROR(('Fat Spreads'!AR7-(AVERAGE('Fat Spreads'!AR7:AR26)-2*STDEV('Fat Spreads'!AR7:AR26)))/(4*STDEV('Fat Spreads'!AR7:AR26)),"") | AD7: =IFERROR(4*STDEV('Fat Spreads'!AR7:AR26)/AVERAGE('Fat Spreads'!AR7:AR26),"") | AE7: 68.9082 | AF7: =IFERROR(SQRT((SUMSQ('Fat Spreads'!AR7:AR26)-2*SUMPRODUCT('Fat Spreads'!AR7:AR26,'Fat Spreads'!AR8:AR27)+SUMSQ('Fat Spreads'!AR8:AR27)-('Fat Spreads'!AR7-'Fat Spreads'!AR27)^2/20)/19),"") -> 0 | AH7: =IFERROR('Fat Spreads'!O7,"") -> 0 | AI7: =IFERROR(('Fat Spreads'!P7-AVERAGE('Fat Spreads'!$P$3:$P$4308))/STDEV('Fat Spreads'!$P$3:$P$4308),"") -> -0.092057462 | AJ7: =IFERROR('Fat Spreads'!P7-'Fat Spreads'!P12,"") -> 0 | AK7: =IFERROR('Fat Spreads'!P7-'Fat Spreads'!P17,"") -> 0 | AL7: =IFERROR(AVERAGE('Fat Spreads'!P7:P26)+2*STDEV('Fat Spreads'!P7:P26),"") -> 0 | AM7: =IFERROR(AVERAGE('Fat Spreads'!P7:P26)-2*STDEV('Fat Spreads'!P7:P26),"") -> 0 | AN7: =IFERROR(('Fat Spreads'!P7-(AVERAGE('Fat Spreads'!P7:P26)-2*STDEV('Fat Spreads'!P7:P26)))/(4*STDEV('Fat Spreads'!P7:P26)),"") | AO7: =IFERROR(4*STDEV('Fat Spreads'!P7:P26)/AVERAGE('Fat Spreads'!P7:P26),"") | AP7: 68.9402 | AQ7: =IFERROR(SQRT((SUMSQ('Fat Spreads'!P7:P26)-2*SUMPRODUCT('Fat Spreads'!P7:P26,'Fat Spreads'!P8:P27)+SUMSQ('Fat Spreads'!P8:P27)-('Fat Spreads'!P7-'Fat Spreads'!P27)^2/20)/19),"") -> 0 | AS7: =IFERROR('Fat Spreads'!AJ7,"") -> 0 | AT7: =IFERROR(('Fat Spreads'!AK7-AVERAGE('Fat Spreads'!$AK$3:$AK$4308))/STDEV('Fat Spreads'!$AK$3:$AK$4308),"") -> -0.092057462 | AU7: =IFERROR('Fat Spreads'!AK7-'Fat Spreads'!AK12,"") -> 0 | AV7: =IFERROR('Fat Spreads'!AK7-'Fat Spreads'!AK17,"") -> 0 | AW7: =IFERROR(AVERAGE('Fat Spreads'!AK7:AK26)+2*STDEV('Fat Spreads'!AK7:AK26),"") -> 0 | AX7: =IFERROR(AVERAGE('Fat Spreads'!AK7:AK26)-2*STDEV('Fat Spreads'!AK7:AK26),"") -> 0 | AY7: =IFERROR(('Fat Spreads'!AK7-(AVERAGE('Fat Spreads'!AK7:AK26)-2*STDEV('Fat Spreads'!AK7:AK26)))/(4*STDEV('Fat Spreads'!AK7:AK26)),"") | AZ7: =IFERROR(4*STDEV('Fat Spreads'!AK7:AK26)/AVERAGE('Fat Spreads'!AK7:AK26),"") | BA7: 32.1406 | BB7: =IFERROR(SQRT((SUMSQ('Fat Spreads'!AK7:AK26)-2*SUMPRODUCT('Fat Spreads'!AK7:AK26,'Fat Spreads'!AK8:AK27)+SUMSQ('Fat Spreads'!AK8:AK27)-('Fat Spreads'!AK7-'Fat Spreads'!AK27)^2/20)/19),"") -> 0 | BD7: =IFERROR('Fat Spreads'!V7,"") -> 0 | BE7: =IFERROR(('Fat Spreads'!W7-AVERAGE('Fat Spreads'!$W$3:$W$4308))/STDEV('Fat Spreads'!$W$3:$W$4308),"") -> -0.092057462 | BF7: =IFERROR('Fat Spreads'!W7-'Fat Spreads'!W12,"") -> 0 | BG7: =IFERROR('Fat Spreads'!W7-'Fat Spreads'!W17,"") -> 0 | BH7: =IFERROR(AVERAGE('Fat Spreads'!W7:W26)+2*STDEV('Fat Spreads'!W7:W26),"") -> 0 | BI7: =IFERROR(AVERAGE('Fat Spreads'!W7:W26)-2*STDEV('Fat Spreads'!W7:W26),"") -> 0 | BJ7: =IFERROR(('Fat Spreads'!W7-(AVERAGE('Fat Spreads'!W7:W26)-2*STDEV('Fat Spreads'!W7:W26)))/(4*STDEV('Fat Spreads'!W7:W26)),"") | BK7: =IFERROR(4*STDEV('Fat Spreads'!W7:W26)/AVERAGE('Fat Spreads'!W7:W26),"") | BL7: 66.3358 | BM7: =IFERROR(SQRT((SUMSQ('Fat Spreads'!W7:W26)-2*SUMPRODUCT('Fat Spreads'!W7:W26,'Fat Spreads'!W8:W27)+SUMSQ('Fat Spreads'!W8:W27)-('Fat Spreads'!W7-'Fat Spreads'!W27)^2/20)/19),"") -> 0 | BO7: =IFERROR('Fat Spreads'!AC7,"") -> 0 | BP7: =IFERROR(('Fat Spreads'!AD7-AVERAGE('Fat Spreads'!$AD$3:$AD$4308))/STDEV('Fat Spreads'!$AD$3:$AD$4308),"") -> -0.092057462 | BQ7: =IFERROR('Fat Spreads'!AD7-'Fat Spreads'!AD12,"") -> 0 | BR7: =IFERROR('Fat Spreads'!AD7-'Fat Spreads'!AD17,"") -> 0 | BS7: =IFERROR(AVERAGE('Fat Spreads'!AD7:AD26)+2*STDEV('Fat Spreads'!AD7:AD26),"") -> 0 | BT7: =IFERROR(AVERAGE('Fat Spreads'!AD7:AD26)-2*STDEV('Fat Spreads'!AD7:AD26),"") -> 0 | BU7: =IFERROR(('Fat Spreads'!AD7-(AVERAGE('Fat Spreads'!AD7:AD26)-2*STDEV('Fat Spreads'!AD7:AD26)))/(4*STDEV('Fat Spreads'!AD7:AD26)),"") | BV7: =IFERROR(4*STDEV('Fat Spreads'!AD7:AD26)/AVERAGE('Fat Spreads'!AD7:AD26),"") | BW7: 58.0063 | BX7: =IFERROR(SQRT((SUMSQ('Fat Spreads'!AD7:AD26)-2*SUMPRODUCT('Fat Spreads'!AD7:AD26,'Fat Spreads'!AD8:AD27)+SUMSQ('Fat Spreads'!AD8:AD27)-('Fat Spreads'!AD7-'Fat Spreads'!AD27)^2/20)/19),"") -> 0 | BZ7: =IFERROR('Feeder Spreads'!A7,"") -> 0 | CA7: =IFERROR(('Feeder Spreads'!B7-AVERAGE('Feeder Spreads'!$B$3:$B$4308))/STDEV('Feeder Spreads'!$B$3:$B$4308),"") -> -0.092057462 | CB7: =IFERROR('Feeder Spreads'!B7-'Feeder Spreads'!B12,"") -> 0 | CC7: =IFERROR('Feeder Spreads'!B7-'Feeder Spreads'!B17,"") -> 0 | CD7: =IFERROR(AVERAGE('Feeder Spreads'!B7:B26)+2*STDEV('Feeder Spreads'!B7:B26),"") -> 0 | CE7: =IFERROR(AVERAGE('Feeder Spreads'!B7:B26)-2*STDEV('Feeder Spreads'!B7:B26),"") -> 0 | CF7: =IFERROR(('Feeder Spreads'!B7-(AVERAGE('Feeder Spreads'!B7:B26)-2*STDEV('Feeder Spreads'!B7:B26)))/(4*STDEV('Feeder Spreads'!B7:B26)),"") | CG7: =IFERROR(4*STDEV('Feeder Spreads'!B7:B26)/AVERAGE('Feeder Spreads'!B7:B26),"") | CH7: 55.4412 | CI7: =IFERROR(SQRT((SUMSQ('Feeder Spreads'!B7:B26)-2*SUMPRODUCT('Feeder Spreads'!B7:B26,'Feeder Spreads'!B8:B27)+SUMSQ('Feeder Spreads'!B8:B27)-('Feeder Spreads'!B7-'Feeder Spreads'!B27)^2/20)/19),"") -> 0 | CK7: =IFERROR('Feeder Spreads'!AX7,"") -> 0 | CL7: =IFERROR(('Feeder Spreads'!AY7-AVERAGE('Feeder Spreads'!$AY$3:$AY$4308))/STDEV('Feeder Spreads'!$AY$3:$AY$4308),"") -> -0.092057462 | CM7: =IFERROR('Feeder Spreads'!AY7-'Feeder Spreads'!AY12,"") -> 0 | CN7: =IFERROR('Feeder Spreads'!AY7-'Feeder Spreads'!AY17,"") -> 0 | CO7: =IFERROR(AVERAGE('Feeder Spreads'!AY7:AY26)+2*STDEV('Feeder Spreads'!AY7:AY26),"") -> 0 | CP7: =IFERROR(AVERAGE('Feeder Spreads'!AY7:AY26)-2*STDEV('Feeder Spreads'!AY7:AY26),"") -> 0 | CQ7: =IFERROR(('Feeder Spreads'!AY7-(AVERAGE('Feeder Spreads'!AY7:AY26)-2*STDEV('Feeder Spreads'!AY7:AY26)))/(4*STDEV('Feeder Spreads'!AY7:AY26)),"") | CR7: =IFERROR(4*STDEV('Feeder Spreads'!AY7:AY26)/AVERAGE('Feeder Spreads'!AY7:AY26),"") | CS7: 47.5641 | CT7: =IFERROR(SQRT((SUMSQ('Feeder Spreads'!AY7:AY26)-2*SUMPRODUCT('Feeder Spreads'!AY7:AY26,'Feeder Spreads'!AY8:AY27)+SUMSQ('Feeder Spreads'!AY8:AY27)-('Feeder Spreads'!AY7-'Feeder Spreads'!AY27)^2/20)/19),"") -> 0 | CV7: =IFERROR('Feeder Spreads'!H7,"") -> 0 | CW7: =IFERROR(('Feeder Spreads'!I7-AVERAGE('Feeder Spreads'!$I$3:$I$4308))/STDEV('Feeder Spreads'!$I$3:$I$4308),"") -> -0.092057462 | CX7: =IFERROR('Feeder Spreads'!I7-'Feeder Spreads'!I12,"") -> 0 | CY7: =IFERROR('Feeder Spreads'!I7-'Feeder Spreads'!I17,"") -> 0 | CZ7: =IFERROR(AVERAGE('Feeder Spreads'!I7:I26)+2*STDEV('Feeder Spreads'!I7:I26),"") -> 0 | DA7: =IFERROR(AVERAGE('Feeder Spreads'!I7:I26)-2*STDEV('Feeder Spreads'!I7:I26),"") -> 0 | DB7: =IFERROR(('Feeder Spreads'!I7-(AVERAGE('Feeder Spreads'!I7:I26)-2*STDEV('Feeder Spreads'!I7:I26)))/(4*STDEV('Feeder Spreads'!I7:I26)),"") | DC7: =IFERROR(4*STDEV('Feeder Spreads'!I7:I26)/AVERAGE('Feeder Spreads'!I7:I26),"") | DD7: 40.708 | DE7: =IFERROR(SQRT((SUMSQ('Feeder Spreads'!I7:I26)-2*SUMPRODUCT('Feeder Spreads'!I7:I26,'Feeder Spreads'!I8:I27)+SUMSQ('Feeder Spreads'!I8:I27)-('Feeder Spreads'!I7-'Feeder Spreads'!I27)^2/20)/19),"") -> 0 | DG7: =IFERROR('Feeder Spreads'!O7,"") -> 0 | DH7: =IFERROR(('Feeder Spreads'!P7-AVERAGE('Feeder Spreads'!$P$3:$P$4308))/STDEV('Feeder Spreads'!$P$3:$P$4308),"") -> -0.092057462 | DI7: =IFERROR('Feeder Spreads'!P7-'Feeder Spreads'!P12,"") -> 0 | DJ7: =IFERROR('Feeder Spreads'!P7-'Feeder Spreads'!P17,"") -> 0 | DK7: =IFERROR(AVERAGE('Feeder Spreads'!P7:P26)+2*STDEV('Feeder Spreads'!P7:P26),"") -> 0 | DL7: =IFERROR(AVERAGE('Feeder Spreads'!P7:P26)-2*STDEV('Feeder Spreads'!P7:P26),"") -> 0 | DM7: =IFERROR(('Feeder Spreads'!P7-(AVERAGE('Feeder Spreads'!P7:P26)-2*STDEV('Feeder Spreads'!P7:P26)))/(4*STDEV('Feeder Spreads'!P7:P26)),"") | DN7: =IFERROR(4*STDEV('Feeder Spreads'!P7:P26)/AVERAGE('Feeder Spreads'!P7:P26),"") | DO7: 51.7476 | DP7: =IFERROR(SQRT((SUMSQ('Feeder Spreads'!P7:P26)-2*SUMPRODUCT('Feeder Spreads'!P7:P26,'Feeder Spreads'!P8:P27)+SUMSQ('Feeder Spreads'!P8:P27)-('Feeder Spreads'!P7-'Feeder Spreads'!P27)^2/20)/19),"") -> 0 | DR7: =IFERROR('Feeder Spreads'!V7,"") -> 0 | DS7: =IFERROR(('Feeder Spreads'!W7-AVERAGE('Feeder Spreads'!$W$3:$W$4308))/STDEV('Feeder Spreads'!$W$3:$W$4308),"") -> -0.092057462 | DT7: =IFERROR('Feeder Spreads'!W7-'Feeder Spreads'!W12,"") -> 0 | DU7: =IFERROR('Feeder Spreads'!W7-'Feeder Spreads'!W17,"") -> 0 | DV7: =IFERROR(AVERAGE('Feeder Spreads'!W7:W26)+2*STDEV('Feeder Spreads'!W7:W26),"") -> 0 | DW7: =IFERROR(AVERAGE('Feeder Spreads'!W7:W26)-2*STDEV('Feeder Spreads'!W7:W26),"") -> 0 | DX7: =IFERROR(('Feeder Spreads'!W7-(AVERAGE('Feeder Spreads'!W7:W26)-2*STDEV('Feeder Spreads'!W7:W26)))/(4*STDEV('Feeder Spreads'!W7:W26)),"") | DY7: =IFERROR(4*STDEV('Feeder Spreads'!W7:W26)/AVERAGE('Feeder Spreads'!W7:W26),"") | DZ7: 50.9879 | EA7: =IFERROR(SQRT((SUMSQ('Feeder Spreads'!W7:W26)-2*SUMPRODUCT('Feeder Spreads'!W7:W26,'Feeder Spreads'!W8:W27)+SUMSQ('Feeder Spreads'!W8:W27)-('Feeder Spreads'!W7-'Feeder Spreads'!W27)^2/20)/19),"") -> 0 | EC7: =IFERROR('Feeder Spreads'!AC7,"") -> 0 | ED7: =IFERROR(('Feeder Spreads'!AD7-AVERAGE('Feeder Spreads'!$AD$3:$AD$4308))/STDEV('Feeder Spreads'!$AD$3:$AD$4308),"") -> 0.092057462 | EE7: =IFERROR('Feeder Spreads'!AD7-'Feeder Spreads'!AD12,"") -> 0 | EF7: =IFERROR('Feeder Spreads'!AD7-'Feeder Spreads'!AD17,"") -> 0 | EG7: =IFERROR(AVERAGE('Feeder Spreads'!AD7:AD26)+2*STDEV('Feeder Spreads'!AD7:AD26),"") -> 0 | EH7: =IFERROR(AVERAGE('Feeder Spreads'!AD7:AD26)-2*STDEV('Feeder Spreads'!AD7:AD26),"") -> 0 | EI7: =IFERROR(('Feeder Spreads'!AD7-(AVERAGE('Feeder Spreads'!AD7:AD26)-2*STDEV('Feeder Spreads'!AD7:AD26)))/(4*STDEV('Feeder Spreads'!AD7:AD26)),"") | EJ7: =IFERROR(4*STDEV('Feeder Spreads'!AD7:AD26)/AVERAGE('Feeder Spreads'!AD7:AD26),"") | EK7: 45.6443 | EL7: =IFERROR(SQRT((SUMSQ('Feeder Spreads'!AD7:AD26)-2*SUMPRODUCT('Feeder Spreads'!AD7:AD26,'Feeder Spreads'!AD8:AD27)+SUMSQ('Feeder Spreads'!AD8:AD27)-('Feeder Spreads'!AD7-'Feeder Spreads'!AD27)^2/20)/19),"") -> 0 | EN7: =IFERROR('Feeder Spreads'!AJ7,"") -> 0 | EO7: =IFERROR(('Feeder Spreads'!AK7-AVERAGE('Feeder Spreads'!$AK$3:$AK$4308))/STDEV('Feeder Spreads'!$AK$3:$AK$4308),"") -> -0.092057462 | EP7: =IFERROR('Feeder Spreads'!AK7-'Feeder Spreads'!AK12,"") -> 0 | EQ7: =IFERROR('Feeder Spreads'!AK7-'Feeder Spreads'!AK17,"") -> 0 | ER7: =IFERROR(AVERAGE('Feeder Spreads'!AK7:AK26)+2*STDEV('Feeder Spreads'!AK7:AK26),"") -> 0 | ES7: =IFERROR(AVERAGE('Feeder Spreads'!AK7:AK26)-2*STDEV('Feeder Spreads'!AK7:AK26),"") -> 0 | ET7: =IFERROR(('Feeder Spreads'!AK7-(AVERAGE('Feeder Spreads'!AK7:AK26)-2*STDEV('Feeder Spreads'!AK7:AK26)))/(4*STDEV('Feeder Spreads'!AK7:AK26)),"") | EU7: =IFERROR(4*STDEV('Feeder Spreads'!AK7:AK26)/AVERAGE('Feeder Spreads'!AK7:AK26),"") | EV7: 41.3961 | EW7: =IFERROR(SQRT((SUMSQ('Feeder Spreads'!AK7:AK26)-2*SUMPRODUCT('Feeder Spreads'!AK7:AK26,'Feeder Spreads'!AK8:AK27)+SUMSQ('Feeder Spreads'!AK8:AK27)-('Feeder Spreads'!AK7-'Feeder Spreads'!AK27)^2/20)/19),"") -> 0 | EY7: =IFERROR('Feeder Spreads'!AQ7,"") -> 0 | EZ7: =IFERROR(('Feeder Spreads'!AR7-AVERAGE('Feeder Spreads'!$AR$3:$AR$4308))/STDEV('Feeder Spreads'!$AR$3:$AR$4308),"") -> -0.092057462 | FA7: =IFERROR('Feeder Spreads'!AR7-'Feeder Spreads'!AR12,"") -> 0 | FB7: =IFERROR('Feeder Spreads'!AR7-'Feeder Spreads'!AR17,"") -> 0 | FC7: =IFERROR(AVERAGE('Feeder Spreads'!AR7:AR26)+2*STDEV('Feeder Spreads'!AR7:AR26),"") -> 0 | FD7: =IFERROR(AVERAGE('Feeder Spreads'!AR7:AR26)-2*STDEV('Feeder Spreads'!AR7:AR26),"") -> 0 | FE7: =IFERROR(('Feeder Spreads'!AR7-(AVERAGE('Feeder Spreads'!AR7:AR26)-2*STDEV('Feeder Spreads'!AR7:AR26)))/(4*STDEV('Feeder Spreads'!AR7:AR26)),"") | FF7: =IFERROR(4*STDEV('Feeder Spreads'!AR7:AR26)/AVERAGE('Feeder Spreads'!AR7:AR26),"") | FG7: 45.1553 | FH7: =IFERROR(SQRT((SUMSQ('Feeder Spreads'!AR7:AR26)-2*SUMPRODUCT('Feeder Spreads'!AR7:AR26,'Feeder Spreads'!AR8:AR27)+SUMSQ('Feeder Spreads'!AR8:AR27)-('Feeder Spreads'!AR7-'Feeder Spreads'!AR27)^2/20)/19),"") -> 0 | FJ7: =IFERROR('Fat Spreads'!AX7,"") -> 0 | FK7: =IFERROR(('Fat Spreads'!AY7-AVERAGE('Fat Spreads'!$AY$3:$AY$4308))/STDEV('Fat Spreads'!$AY$3:$AY$4308),"") -> 0.092057462 | FL7: =IFERROR('Fat Spreads'!AY7-'Fat Spreads'!AY12,"") -> 0 | FM7: =IFERROR('Fat Spreads'!AY7-'Fat Spreads'!AY17,"") -> 0 | FN7: =IFERROR(AVERAGE('Fat Spreads'!AY7:AY26)+2*STDEV('Fat Spreads'!AY7:AY26),"") -> 0 | FO7: =IFERROR(AVERAGE('Fat Spreads'!AY7:AY26)-2*STDEV('Fat Spreads'!AY7:AY26),"") -> 0 | FP7: =IFERROR(('Fat Spreads'!AY7-(AVERAGE('Fat Spreads'!AY7:AY26)-2*STDEV('Fat Spreads'!AY7:AY26)))/(4*STDEV('Fat Spreads'!AY7:AY26)),"") | FQ7: =IFERROR(4*STDEV('Fat Spreads'!AY7:AY26)/AVERAGE('Fat Spreads'!AY7:AY26),"") | FR7: 29.3406 | FS7: =IFERROR(SQRT((SUMSQ('Fat Spreads'!AY7:AY26)-2*SUMPRODUCT('Fat Spreads'!AY7:AY26,'Fat Spreads'!AY8:AY27)+SUMSQ('Fat Spreads'!AY8:AY27)-('Fat Spreads'!AY7-'Fat Spreads'!AY27)^2/20)/19),"") -> 0 | FU7: =IFERROR('Fat Spreads'!BE7,"") -> 0 | FV7: =IFERROR(('Fat Spreads'!BF7-AVERAGE('Fat Spreads'!$BF$3:$BF$4308))/STDEV('Fat Spreads'!$BF$3:$BF$4308),"") -> 0.092057462 | FW7: =IFERROR('Fat Spreads'!BF7-'Fat Spreads'!BF12,"") -> 0 | FX7: =IFERROR('Fat Spreads'!BF7-'Fat Spreads'!BF17,"") -> 0 | FY7: =IFERROR(AVERAGE('Fat Spreads'!BF7:BF26)+2*STDEV('Fat Spreads'!BF7:BF26),"") -> 0 | FZ7: =IFERROR(AVERAGE('Fat Spreads'!BF7:BF26)-2*STDEV('Fat Spreads'!BF7:BF26),"") -> 0 | GA7: =IFERROR(('Fat Spreads'!BF7-(AVERAGE('Fat Spreads'!BF7:BF26)-2*STDEV('Fat Spreads'!BF7:BF26)))/(4*STDEV('Fat Spreads'!BF7:BF26)),"") | GB7: =IFERROR(4*STDEV('Fat Spreads'!BF7:BF26)/AVERAGE('Fat Spreads'!BF7:BF26),"") | GC7: 56.2625 | GD7: =IFERROR(SQRT((SUMSQ('Fat Spreads'!BF7:BF26)-2*SUMPRODUCT('Fat Spreads'!BF7:BF26,'Fat Spreads'!BF8:BF27)+SUMSQ('Fat Spreads'!BF8:BF27)-('Fat Spreads'!BF7-'Fat Spreads'!BF27)^2/20)/19),"") -> 0
A8: =IFERROR('Fat Spreads'!A8,"") -> 0 | B8: =IFERROR(('Fat Spreads'!B8-AVERAGE('Fat Spreads'!$B$3:$B$4308))/STDEV('Fat Spreads'!$B$3:$B$4308),"") -> 0.092057462 | C8: =IFERROR('Fat Spreads'!B8-'Fat Spreads'!B13,"") -> 0 | D8: =IFERROR('Fat Spreads'!B8-'Fat Spreads'!B18,"") -> 0 | E8: =IFERROR(AVERAGE('Fat Spreads'!B8:B27)+2*STDEV('Fat Spreads'!B8:B27),"") -> 0 | F8: =IFERROR(AVERAGE('Fat Spreads'!B8:B27)-2*STDEV('Fat Spreads'!B8:B27),"") -> 0 | G8: =IFERROR(('Fat Spreads'!B8-(AVERAGE('Fat Spreads'!B8:B27)-2*STDEV('Fat Spreads'!B8:B27)))/(4*STDEV('Fat Spreads'!B8:B27)),"") | H8: =IFERROR(4*STDEV('Fat Spreads'!B8:B27)/AVERAGE('Fat Spreads'!B8:B27),"") | I8: 33.0648 | J8: =IFERROR(SQRT((SUMSQ('Fat Spreads'!B8:B27)-2*SUMPRODUCT('Fat Spreads'!B8:B27,'Fat Spreads'!B9:B28)+SUMSQ('Fat Spreads'!B9:B28)-('Fat Spreads'!B8-'Fat Spreads'!B28)^2/20)/19),"") -> 0 | L8: =IFERROR('Fat Spreads'!H8,"") -> 0 | M8: =IFERROR(('Fat Spreads'!I8-AVERAGE('Fat Spreads'!$I$3:$I$4308))/STDEV('Fat Spreads'!$I$3:$I$4308),"") -> -0.092057462 | N8: =IFERROR('Fat Spreads'!I8-'Fat Spreads'!I13,"") -> 0 | O8: =IFERROR('Fat Spreads'!I8-'Fat Spreads'!I18,"") -> 0 | P8: =IFERROR(AVERAGE('Fat Spreads'!I8:I27)+2*STDEV('Fat Spreads'!I8:I27),"") -> 0 | Q8: =IFERROR(AVERAGE('Fat Spreads'!I8:I27)-2*STDEV('Fat Spreads'!I8:I27),"") -> 0 | R8: =IFERROR(('Fat Spreads'!I8-(AVERAGE('Fat Spreads'!I8:I27)-2*STDEV('Fat Spreads'!I8:I27)))/(4*STDEV('Fat Spreads'!I8:I27)),"") | S8: =IFERROR(4*STDEV('Fat Spreads'!I8:I27)/AVERAGE('Fat Spreads'!I8:I27),"") | T8: 59.1011 | U8: =IFERROR(SQRT((SUMSQ('Fat Spreads'!I8:I27)-2*SUMPRODUCT('Fat Spreads'!I8:I27,'Fat Spreads'!I9:I28)+SUMSQ('Fat Spreads'!I9:I28)-('Fat Spreads'!I8-'Fat Spreads'!I28)^2/20)/19),"") -> 0 | W8: =IFERROR('Fat Spreads'!AQ8,"") -> 0 | X8: =IFERROR(('Fat Spreads'!AR8-AVERAGE('Fat Spreads'!$AR$3:$AR$4308))/STDEV('Fat Spreads'!$AR$3:$AR$4308),"") -> -0.092057462 | Y8: =IFERROR('Fat Spreads'!AR8-'Fat Spreads'!AR13,"") -> 0 | Z8: =IFERROR('Fat Spreads'!AR8-'Fat Spreads'!AR18,"") -> 0 | AA8: =IFERROR(AVERAGE('Fat Spreads'!AR8:AR27)+2*STDEV('Fat Spreads'!AR8:AR27),"") -> 0 | AB8: =IFERROR(AVERAGE('Fat Spreads'!AR8:AR27)-2*STDEV('Fat Spreads'!AR8:AR27),"") -> 0 | AC8: =IFERROR(('Fat Spreads'!AR8-(AVERAGE('Fat Spreads'!AR8:AR27)-2*STDEV('Fat Spreads'!AR8:AR27)))/(4*STDEV('Fat Spreads'!AR8:AR27)),"") | AD8: =IFERROR(4*STDEV('Fat Spreads'!AR8:AR27)/AVERAGE('Fat Spreads'!AR8:AR27),"") | AE8: 64.4615 | AF8: =IFERROR(SQRT((SUMSQ('Fat Spreads'!AR8:AR27)-2*SUMPRODUCT('Fat Spreads'!AR8:AR27,'Fat Spreads'!AR9:AR28)+SUMSQ('Fat Spreads'!AR9:AR28)-('Fat Spreads'!AR8-'Fat Spreads'!AR28)^2/20)/19),"") -> 0 | AH8: =IFERROR('Fat Spreads'!O8,"") -> 0 | AI8: =IFERROR(('Fat Spreads'!P8-AVERAGE('Fat Spreads'!$P$3:$P$4308))/STDEV('Fat Spreads'!$P$3:$P$4308),"") -> -0.092057462 | AJ8: =IFERROR('Fat Spreads'!P8-'Fat Spreads'!P13,"") -> 0 | AK8: =IFERROR('Fat Spreads'!P8-'Fat Spreads'!P18,"") -> 0 | AL8: =IFERROR(AVERAGE('Fat Spreads'!P8:P27)+2*STDEV('Fat Spreads'!P8:P27),"") -> 0 | AM8: =IFERROR(AVERAGE('Fat Spreads'!P8:P27)-2*STDEV('Fat Spreads'!P8:P27),"") -> 0 | AN8: =IFERROR(('Fat Spreads'!P8-(AVERAGE('Fat Spreads'!P8:P27)-2*STDEV('Fat Spreads'!P8:P27)))/(4*STDEV('Fat Spreads'!P8:P27)),"") | AO8: =IFERROR(4*STDEV('Fat Spreads'!P8:P27)/AVERAGE('Fat Spreads'!P8:P27),"") | AP8: 63.6943 | AQ8: =IFERROR(SQRT((SUMSQ('Fat Spreads'!P8:P27)-2*SUMPRODUCT('Fat Spreads'!P8:P27,'Fat Spreads'!P9:P28)+SUMSQ('Fat Spreads'!P9:P28)-('Fat Spreads'!P8-'Fat Spreads'!P28)^2/20)/19),"") -> 0 | AS8: =IFERROR('Fat Spreads'!AJ8,"") -> 0 | AT8: =IFERROR(('Fat Spreads'!AK8-AVERAGE('Fat Spreads'!$AK$3:$AK$4308))/STDEV('Fat Spreads'!$AK$3:$AK$4308),"") -> -0.092057462 | AU8: =IFERROR('Fat Spreads'!AK8-'Fat Spreads'!AK13,"") -> 0 | AV8: =IFERROR('Fat Spreads'!AK8-'Fat Spreads'!AK18,"") -> 0 | AW8: =IFERROR(AVERAGE('Fat Spreads'!AK8:AK27)+2*STDEV('Fat Spreads'!AK8:AK27),"") -> 0 | AX8: =IFERROR(AVERAGE('Fat Spreads'!AK8:AK27)-2*STDEV('Fat Spreads'!AK8:AK27),"") -> 0 | AY8: =IFERROR(('Fat Spreads'!AK8-(AVERAGE('Fat Spreads'!AK8:AK27)-2*STDEV('Fat Spreads'!AK8:AK27)))/(4*STDEV('Fat Spreads'!AK8:AK27)),"") | AZ8: =IFERROR(4*STDEV('Fat Spreads'!AK8:AK27)/AVERAGE('Fat Spreads'!AK8:AK27),"") | BA8: 48.5324 | BB8: =IFERROR(SQRT((SUMSQ('Fat Spreads'!AK8:AK27)-2*SUMPRODUCT('Fat Spreads'!AK8:AK27,'Fat Spreads'!AK9:AK28)+SUMSQ('Fat Spreads'!AK9:AK28)-('Fat Spreads'!AK8-'Fat Spreads'!AK28)^2/20)/19),"") -> 0 | BD8: =IFERROR('Fat Spreads'!V8,"") -> 0 | BE8: =IFERROR(('Fat Spreads'!W8-AVERAGE('Fat Spreads'!$W$3:$W$4308))/STDEV('Fat Spreads'!$W$3:$W$4308),"") -> -0.092057462 | BF8: =IFERROR('Fat Spreads'!W8-'Fat Spreads'!W13,"") -> 0 | BG8: =IFERROR('Fat Spreads'!W8-'Fat Spreads'!W18,"") -> 0 | BH8: =IFERROR(AVERAGE('Fat Spreads'!W8:W27)+2*STDEV('Fat Spreads'!W8:W27),"") -> 0 | BI8: =IFERROR(AVERAGE('Fat Spreads'!W8:W27)-2*STDEV('Fat Spreads'!W8:W27),"") -> 0 | BJ8: =IFERROR(('Fat Spreads'!W8-(AVERAGE('Fat Spreads'!W8:W27)-2*STDEV('Fat Spreads'!W8:W27)))/(4*STDEV('Fat Spreads'!W8:W27)),"") | BK8: =IFERROR(4*STDEV('Fat Spreads'!W8:W27)/AVERAGE('Fat Spreads'!W8:W27),"") | BL8: 64.1791 | BM8: =IFERROR(SQRT((SUMSQ('Fat Spreads'!W8:W27)-2*SUMPRODUCT('Fat Spreads'!W8:W27,'Fat Spreads'!W9:W28)+SUMSQ('Fat Spreads'!W9:W28)-('Fat Spreads'!W8-'Fat Spreads'!W28)^2/20)/19),"") -> 0 | BO8: =IFERROR('Fat Spreads'!AC8,"") -> 0 | BP8: =IFERROR(('Fat Spreads'!AD8-AVERAGE('Fat Spreads'!$AD$3:$AD$4308))/STDEV('Fat Spreads'!$AD$3:$AD$4308),"") -> -0.092057462 | BQ8: =IFERROR('Fat Spreads'!AD8-'Fat Spreads'!AD13,"") -> 0 | BR8: =IFERROR('Fat Spreads'!AD8-'Fat Spreads'!AD18,"") -> 0 | BS8: =IFERROR(AVERAGE('Fat Spreads'!AD8:AD27)+2*STDEV('Fat Spreads'!AD8:AD27),"") -> 0 | BT8: =IFERROR(AVERAGE('Fat Spreads'!AD8:AD27)-2*STDEV('Fat Spreads'!AD8:AD27),"") -> 0 | BU8: =IFERROR(('Fat Spreads'!AD8-(AVERAGE('Fat Spreads'!AD8:AD27)-2*STDEV('Fat Spreads'!AD8:AD27)))/(4*STDEV('Fat Spreads'!AD8:AD27)),"") | BV8: =IFERROR(4*STDEV('Fat Spreads'!AD8:AD27)/AVERAGE('Fat Spreads'!AD8:AD27),"") | BW8: 61.8947 | BX8: =IFERROR(SQRT((SUMSQ('Fat Spreads'!AD8:AD27)-2*SUMPRODUCT('Fat Spreads'!AD8:AD27,'Fat Spreads'!AD9:AD28)+SUMSQ('Fat Spreads'!AD9:AD28)-('Fat Spreads'!AD8-'Fat Spreads'!AD28)^2/20)/19),"") -> 0 | BZ8: =IFERROR('Feeder Spreads'!A8,"") -> 0 | CA8: =IFERROR(('Feeder Spreads'!B8-AVERAGE('Feeder Spreads'!$B$3:$B$4308))/STDEV('Feeder Spreads'!$B$3:$B$4308),"") -> -0.092057462 | CB8: =IFERROR('Feeder Spreads'!B8-'Feeder Spreads'!B13,"") -> 0 | CC8: =IFERROR('Feeder Spreads'!B8-'Feeder Spreads'!B18,"") -> 0 | CD8: =IFERROR(AVERAGE('Feeder Spreads'!B8:B27)+2*STDEV('Feeder Spreads'!B8:B27),"") -> 0 | CE8: =IFERROR(AVERAGE('Feeder Spreads'!B8:B27)-2*STDEV('Feeder Spreads'!B8:B27),"") -> 0 | CF8: =IFERROR(('Feeder Spreads'!B8-(AVERAGE('Feeder Spreads'!B8:B27)-2*STDEV('Feeder Spreads'!B8:B27)))/(4*STDEV('Feeder Spreads'!B8:B27)),"") | CG8: =IFERROR(4*STDEV('Feeder Spreads'!B8:B27)/AVERAGE('Feeder Spreads'!B8:B27),"") | CH8: 63.6991 | CI8: =IFERROR(SQRT((SUMSQ('Feeder Spreads'!B8:B27)-2*SUMPRODUCT('Feeder Spreads'!B8:B27,'Feeder Spreads'!B9:B28)+SUMSQ('Feeder Spreads'!B9:B28)-('Feeder Spreads'!B8-'Feeder Spreads'!B28)^2/20)/19),"") -> 0 | CK8: =IFERROR('Feeder Spreads'!AX8,"") -> 0 | CL8: =IFERROR(('Feeder Spreads'!AY8-AVERAGE('Feeder Spreads'!$AY$3:$AY$4308))/STDEV('Feeder Spreads'!$AY$3:$AY$4308),"") -> -0.092057462 | CM8: =IFERROR('Feeder Spreads'!AY8-'Feeder Spreads'!AY13,"") -> 0 | CN8: =IFERROR('Feeder Spreads'!AY8-'Feeder Spreads'!AY18,"") -> 0 | CO8: =IFERROR(AVERAGE('Feeder Spreads'!AY8:AY27)+2*STDEV('Feeder Spreads'!AY8:AY27),"") -> 0 | CP8: =IFERROR(AVERAGE('Feeder Spreads'!AY8:AY27)-2*STDEV('Feeder Spreads'!AY8:AY27),"") -> 0 | CQ8: =IFERROR(('Feeder Spreads'!AY8-(AVERAGE('Feeder Spreads'!AY8:AY27)-2*STDEV('Feeder Spreads'!AY8:AY27)))/(4*STDEV('Feeder Spreads'!AY8:AY27)),"") | CR8: =IFERROR(4*STDEV('Feeder Spreads'!AY8:AY27)/AVERAGE('Feeder Spreads'!AY8:AY27),"") | CS8: 49.749 | CT8: =IFERROR(SQRT((SUMSQ('Feeder Spreads'!AY8:AY27)-2*SUMPRODUCT('Feeder Spreads'!AY8:AY27,'Feeder Spreads'!AY9:AY28)+SUMSQ('Feeder Spreads'!AY9:AY28)-('Feeder Spreads'!AY8-'Feeder Spreads'!AY28)^2/20)/19),"") -> 0 | CV8: =IFERROR('Feeder Spreads'!H8,"") -> 0 | CW8: =IFERROR(('Feeder Spreads'!I8-AVERAGE('Feeder Spreads'!$I$3:$I$4308))/STDEV('Feeder Spreads'!$I$3:$I$4308),"") -> -0.092057462 | CX8: =IFERROR('Feeder Spreads'!I8-'Feeder Spreads'!I13,"") -> 0 | CY8: =IFERROR('Feeder Spreads'!I8-'Feeder Spreads'!I18,"") -> 0 | CZ8: =IFERROR(AVERAGE('Feeder Spreads'!I8:I27)+2*STDEV('Feeder Spreads'!I8:I27),"") -> 0 | DA8: =IFERROR(AVERAGE('Feeder Spreads'!I8:I27)-2*STDEV('Feeder Spreads'!I8:I27),"") -> 0 | DB8: =IFERROR(('Feeder Spreads'!I8-(AVERAGE('Feeder Spreads'!I8:I27)-2*STDEV('Feeder Spreads'!I8:I27)))/(4*STDEV('Feeder Spreads'!I8:I27)),"") | DC8: =IFERROR(4*STDEV('Feeder Spreads'!I8:I27)/AVERAGE('Feeder Spreads'!I8:I27),"") | DD8: 35.8891 | DE8: =IFERROR(SQRT((SUMSQ('Feeder Spreads'!I8:I27)-2*SUMPRODUCT('Feeder Spreads'!I8:I27,'Feeder Spreads'!I9:I28)+SUMSQ('Feeder Spreads'!I9:I28)-('Feeder Spreads'!I8-'Feeder Spreads'!I28)^2/20)/19),"") -> 0 | DG8: =IFERROR('Feeder Spreads'!O8,"") -> 0 | DH8: =IFERROR(('Feeder Spreads'!P8-AVERAGE('Feeder Spreads'!$P$3:$P$4308))/STDEV('Feeder Spreads'!$P$3:$P$4308),"") -> -0.092057462 | DI8: =IFERROR('Feeder Spreads'!P8-'Feeder Spreads'!P13,"") -> 0 | DJ8: =IFERROR('Feeder Spreads'!P8-'Feeder Spreads'!P18,"") -> 0 | DK8: =IFERROR(AVERAGE('Feeder Spreads'!P8:P27)+2*STDEV('Feeder Spreads'!P8:P27),"") -> 0 | DL8: =IFERROR(AVERAGE('Feeder Spreads'!P8:P27)-2*STDEV('Feeder Spreads'!P8:P27),"") -> 0 | DM8: =IFERROR(('Feeder Spreads'!P8-(AVERAGE('Feeder Spreads'!P8:P27)-2*STDEV('Feeder Spreads'!P8:P27)))/(4*STDEV('Feeder Spreads'!P8:P27)),"") | DN8: =IFERROR(4*STDEV('Feeder Spreads'!P8:P27)/AVERAGE('Feeder Spreads'!P8:P27),"") | DO8: 52.9258 | DP8: =IFERROR(SQRT((SUMSQ('Feeder Spreads'!P8:P27)-2*SUMPRODUCT('Feeder Spreads'!P8:P27,'Feeder Spreads'!P9:P28)+SUMSQ('Feeder Spreads'!P9:P28)-('Feeder Spreads'!P8-'Feeder Spreads'!P28)^2/20)/19),"") -> 0 | DR8: =IFERROR('Feeder Spreads'!V8,"") -> 0 | DS8: =IFERROR(('Feeder Spreads'!W8-AVERAGE('Feeder Spreads'!$W$3:$W$4308))/STDEV('Feeder Spreads'!$W$3:$W$4308),"") -> -0.092057462 | DT8: =IFERROR('Feeder Spreads'!W8-'Feeder Spreads'!W13,"") -> 0 | DU8: =IFERROR('Feeder Spreads'!W8-'Feeder Spreads'!W18,"") -> 0 | DV8: =IFERROR(AVERAGE('Feeder Spreads'!W8:W27)+2*STDEV('Feeder Spreads'!W8:W27),"") -> 0 | DW8: =IFERROR(AVERAGE('Feeder Spreads'!W8:W27)-2*STDEV('Feeder Spreads'!W8:W27),"") -> 0 | DX8: =IFERROR(('Feeder Spreads'!W8-(AVERAGE('Feeder Spreads'!W8:W27)-2*STDEV('Feeder Spreads'!W8:W27)))/(4*STDEV('Feeder Spreads'!W8:W27)),"") | DY8: =IFERROR(4*STDEV('Feeder Spreads'!W8:W27)/AVERAGE('Feeder Spreads'!W8:W27),"") | DZ8: 42.4031 | EA8: =IFERROR(SQRT((SUMSQ('Feeder Spreads'!W8:W27)-2*SUMPRODUCT('Feeder Spreads'!W8:W27,'Feeder Spreads'!W9:W28)+SUMSQ('Feeder Spreads'!W9:W28)-('Feeder Spreads'!W8-'Feeder Spreads'!W28)^2/20)/19),"") -> 0 | EC8: =IFERROR('Feeder Spreads'!AC8,"") -> 0 | ED8: =IFERROR(('Feeder Spreads'!AD8-AVERAGE('Feeder Spreads'!$AD$3:$AD$4308))/STDEV('Feeder Spreads'!$AD$3:$AD$4308),"") -> 0.092057462 | EE8: =IFERROR('Feeder Spreads'!AD8-'Feeder Spreads'!AD13,"") -> 0 | EF8: =IFERROR('Feeder Spreads'!AD8-'Feeder Spreads'!AD18,"") -> 0 | EG8: =IFERROR(AVERAGE('Feeder Spreads'!AD8:AD27)+2*STDEV('Feeder Spreads'!AD8:AD27),"") -> 0 | EH8: =IFERROR(AVERAGE('Feeder Spreads'!AD8:AD27)-2*STDEV('Feeder Spreads'!AD8:AD27),"") -> 0 | EI8: =IFERROR(('Feeder Spreads'!AD8-(AVERAGE('Feeder Spreads'!AD8:AD27)-2*STDEV('Feeder Spreads'!AD8:AD27)))/(4*STDEV('Feeder Spreads'!AD8:AD27)),"") | EJ8: =IFERROR(4*STDEV('Feeder Spreads'!AD8:AD27)/AVERAGE('Feeder Spreads'!AD8:AD27),"") | EK8: 42.9624 | EL8: =IFERROR(SQRT((SUMSQ('Feeder Spreads'!AD8:AD27)-2*SUMPRODUCT('Feeder Spreads'!AD8:AD27,'Feeder Spreads'!AD9:AD28)+SUMSQ('Feeder Spreads'!AD9:AD28)-('Feeder Spreads'!AD8-'Feeder Spreads'!AD28)^2/20)/19),"") -> 0 | EN8: =IFERROR('Feeder Spreads'!AJ8,"") -> 0 | EO8: =IFERROR(('Feeder Spreads'!AK8-AVERAGE('Feeder Spreads'!$AK$3:$AK$4308))/STDEV('Feeder Spreads'!$AK$3:$AK$4308),"") -> -0.092057462 | EP8: =IFERROR('Feeder Spreads'!AK8-'Feeder Spreads'!AK13,"") -> 0 | EQ8: =IFERROR('Feeder Spreads'!AK8-'Feeder Spreads'!AK18,"") -> 0 | ER8: =IFERROR(AVERAGE('Feeder Spreads'!AK8:AK27)+2*STDEV('Feeder Spreads'!AK8:AK27),"") -> 0 | ES8: =IFERROR(AVERAGE('Feeder Spreads'!AK8:AK27)-2*STDEV('Feeder Spreads'!AK8:AK27),"") -> 0 | ET8: =IFERROR(('Feeder Spreads'!AK8-(AVERAGE('Feeder Spreads'!AK8:AK27)-2*STDEV('Feeder Spreads'!AK8:AK27)))/(4*STDEV('Feeder Spreads'!AK8:AK27)),"") | EU8: =IFERROR(4*STDEV('Feeder Spreads'!AK8:AK27)/AVERAGE('Feeder Spreads'!AK8:AK27),"") | EV8: 46.356 | EW8: =IFERROR(SQRT((SUMSQ('Feeder Spreads'!AK8:AK27)-2*SUMPRODUCT('Feeder Spreads'!AK8:AK27,'Feeder Spreads'!AK9:AK28)+SUMSQ('Feeder Spreads'!AK9:AK28)-('Feeder Spreads'!AK8-'Feeder Spreads'!AK28)^2/20)/19),"") -> 0 | EY8: =IFERROR('Feeder Spreads'!AQ8,"") -> 0 | EZ8: =IFERROR(('Feeder Spreads'!AR8-AVERAGE('Feeder Spreads'!$AR$3:$AR$4308))/STDEV('Feeder Spreads'!$AR$3:$AR$4308),"") -> -0.092057462 | FA8: =IFERROR('Feeder Spreads'!AR8-'Feeder Spreads'!AR13,"") -> 0 | FB8: =IFERROR('Feeder Spreads'!AR8-'Feeder Spreads'!AR18,"") -> 0 | FC8: =IFERROR(AVERAGE('Feeder Spreads'!AR8:AR27)+2*STDEV('Feeder Spreads'!AR8:AR27),"") -> 0 | FD8: =IFERROR(AVERAGE('Feeder Spreads'!AR8:AR27)-2*STDEV('Feeder Spreads'!AR8:AR27),"") -> 0 | FE8: =IFERROR(('Feeder Spreads'!AR8-(AVERAGE('Feeder Spreads'!AR8:AR27)-2*STDEV('Feeder Spreads'!AR8:AR27)))/(4*STDEV('Feeder Spreads'!AR8:AR27)),"") | FF8: =IFERROR(4*STDEV('Feeder Spreads'!AR8:AR27)/AVERAGE('Feeder Spreads'!AR8:AR27),"") | FG8: 50.6507 | FH8: =IFERROR(SQRT((SUMSQ('Feeder Spreads'!AR8:AR27)-2*SUMPRODUCT('Feeder Spreads'!AR8:AR27,'Feeder Spreads'!AR9:AR28)+SUMSQ('Feeder Spreads'!AR9:AR28)-('Feeder Spreads'!AR8-'Feeder Spreads'!AR28)^2/20)/19),"") -> 0 | FJ8: =IFERROR('Fat Spreads'!AX8,"") -> 0 | FK8: =IFERROR(('Fat Spreads'!AY8-AVERAGE('Fat Spreads'!$AY$3:$AY$4308))/STDEV('Fat Spreads'!$AY$3:$AY$4308),"") -> 0.092057462 | FL8: =IFERROR('Fat Spreads'!AY8-'Fat Spreads'!AY13,"") -> 0 | FM8: =IFERROR('Fat Spreads'!AY8-'Fat Spreads'!AY18,"") -> 0 | FN8: =IFERROR(AVERAGE('Fat Spreads'!AY8:AY27)+2*STDEV('Fat Spreads'!AY8:AY27),"") -> 0 | FO8: =IFERROR(AVERAGE('Fat Spreads'!AY8:AY27)-2*STDEV('Fat Spreads'!AY8:AY27),"") -> 0 | FP8: =IFERROR(('Fat Spreads'!AY8-(AVERAGE('Fat Spreads'!AY8:AY27)-2*STDEV('Fat Spreads'!AY8:AY27)))/(4*STDEV('Fat Spreads'!AY8:AY27)),"") | FQ8: =IFERROR(4*STDEV('Fat Spreads'!AY8:AY27)/AVERAGE('Fat Spreads'!AY8:AY27),"") | FR8: 34.6051 | FS8: =IFERROR(SQRT((SUMSQ('Fat Spreads'!AY8:AY27)-2*SUMPRODUCT('Fat Spreads'!AY8:AY27,'Fat Spreads'!AY9:AY28)+SUMSQ('Fat Spreads'!AY9:AY28)-('Fat Spreads'!AY8-'Fat Spreads'!AY28)^2/20)/19),"") -> 0 | FU8: =IFERROR('Fat Spreads'!BE8,"") -> 0 | FV8: =IFERROR(('Fat Spreads'!BF8-AVERAGE('Fat Spreads'!$BF$3:$BF$4308))/STDEV('Fat Spreads'!$BF$3:$BF$4308),"") -> 0.092057462 | FW8: =IFERROR('Fat Spreads'!BF8-'Fat Spreads'!BF13,"") -> 0 | FX8: =IFERROR('Fat Spreads'!BF8-'Fat Spreads'!BF18,"") -> 0 | FY8: =IFERROR(AVERAGE('Fat Spreads'!BF8:BF27)+2*STDEV('Fat Spreads'!BF8:BF27),"") -> 0 | FZ8: =IFERROR(AVERAGE('Fat Spreads'!BF8:BF27)-2*STDEV('Fat Spreads'!BF8:BF27),"") -> 0 | GA8: =IFERROR(('Fat Spreads'!BF8-(AVERAGE('Fat Spreads'!BF8:BF27)-2*STDEV('Fat Spreads'!BF8:BF27)))/(4*STDEV('Fat Spreads'!BF8:BF27)),"") | GB8: =IFERROR(4*STDEV('Fat Spreads'!BF8:BF27)/AVERAGE('Fat Spreads'!BF8:BF27),"") | GC8: 36.3337 | GD8: =IFERROR(SQRT((SUMSQ('Fat Spreads'!BF8:BF27)-2*SUMPRODUCT('Fat Spreads'!BF8:BF27,'Fat Spreads'!BF9:BF28)+SUMSQ('Fat Spreads'!BF9:BF28)-('Fat Spreads'!BF8-'Fat Spreads'!BF28)^2/20)/19),"") -> 0
A9: =IFERROR('Fat Spreads'!A9,"") -> 0 | B9: =IFERROR(('Fat Spreads'!B9-AVERAGE('Fat Spreads'!$B$3:$B$4308))/STDEV('Fat Spreads'!$B$3:$B$4308),"") -> 0.092057462 | C9: =IFERROR('Fat Spreads'!B9-'Fat Spreads'!B14,"") -> 0 | D9: =IFERROR('Fat Spreads'!B9-'Fat Spreads'!B19,"") -> 0 | E9: =IFERROR(AVERAGE('Fat Spreads'!B9:B28)+2*STDEV('Fat Spreads'!B9:B28),"") -> 0 | F9: =IFERROR(AVERAGE('Fat Spreads'!B9:B28)-2*STDEV('Fat Spreads'!B9:B28),"") -> 0 | G9: =IFERROR(('Fat Spreads'!B9-(AVERAGE('Fat Spreads'!B9:B28)-2*STDEV('Fat Spreads'!B9:B28)))/(4*STDEV('Fat Spreads'!B9:B28)),"") | H9: =IFERROR(4*STDEV('Fat Spreads'!B9:B28)/AVERAGE('Fat Spreads'!B9:B28),"") | I9: 44.1265 | J9: =IFERROR(SQRT((SUMSQ('Fat Spreads'!B9:B28)-2*SUMPRODUCT('Fat Spreads'!B9:B28,'Fat Spreads'!B10:B29)+SUMSQ('Fat Spreads'!B10:B29)-('Fat Spreads'!B9-'Fat Spreads'!B29)^2/20)/19),"") -> 0 | L9: =IFERROR('Fat Spreads'!H9,"") -> 0 | M9: =IFERROR(('Fat Spreads'!I9-AVERAGE('Fat Spreads'!$I$3:$I$4308))/STDEV('Fat Spreads'!$I$3:$I$4308),"") -> -0.092057462 | N9: =IFERROR('Fat Spreads'!I9-'Fat Spreads'!I14,"") -> 0 | O9: =IFERROR('Fat Spreads'!I9-'Fat Spreads'!I19,"") -> 0 | P9: =IFERROR(AVERAGE('Fat Spreads'!I9:I28)+2*STDEV('Fat Spreads'!I9:I28),"") -> 0 | Q9: =IFERROR(AVERAGE('Fat Spreads'!I9:I28)-2*STDEV('Fat Spreads'!I9:I28),"") -> 0 | R9: =IFERROR(('Fat Spreads'!I9-(AVERAGE('Fat Spreads'!I9:I28)-2*STDEV('Fat Spreads'!I9:I28)))/(4*STDEV('Fat Spreads'!I9:I28)),"") | S9: =IFERROR(4*STDEV('Fat Spreads'!I9:I28)/AVERAGE('Fat Spreads'!I9:I28),"") | T9: 49.6225 | U9: =IFERROR(SQRT((SUMSQ('Fat Spreads'!I9:I28)-2*SUMPRODUCT('Fat Spreads'!I9:I28,'Fat Spreads'!I10:I29)+SUMSQ('Fat Spreads'!I10:I29)-('Fat Spreads'!I9-'Fat Spreads'!I29)^2/20)/19),"") -> 0 | W9: =IFERROR('Fat Spreads'!AQ9,"") -> 0 | X9: =IFERROR(('Fat Spreads'!AR9-AVERAGE('Fat Spreads'!$AR$3:$AR$4308))/STDEV('Fat Spreads'!$AR$3:$AR$4308),"") -> -0.092057462 | Y9: =IFERROR('Fat Spreads'!AR9-'Fat Spreads'!AR14,"") -> 0 | Z9: =IFERROR('Fat Spreads'!AR9-'Fat Spreads'!AR19,"") -> 0 | AA9: =IFERROR(AVERAGE('Fat Spreads'!AR9:AR28)+2*STDEV('Fat Spreads'!AR9:AR28),"") -> 0 | AB9: =IFERROR(AVERAGE('Fat Spreads'!AR9:AR28)-2*STDEV('Fat Spreads'!AR9:AR28),"") -> 0 | AC9: =IFERROR(('Fat Spreads'!AR9-(AVERAGE('Fat Spreads'!AR9:AR28)-2*STDEV('Fat Spreads'!AR9:AR28)))/(4*STDEV('Fat Spreads'!AR9:AR28)),"") | AD9: =IFERROR(4*STDEV('Fat Spreads'!AR9:AR28)/AVERAGE('Fat Spreads'!AR9:AR28),"") | AE9: 56.9468 | AF9: =IFERROR(SQRT((SUMSQ('Fat Spreads'!AR9:AR28)-2*SUMPRODUCT('Fat Spreads'!AR9:AR28,'Fat Spreads'!AR10:AR29)+SUMSQ('Fat Spreads'!AR10:AR29)-('Fat Spreads'!AR9-'Fat Spreads'!AR29)^2/20)/19),"") -> 0 | AH9: =IFERROR('Fat Spreads'!O9,"") -> 0 | AI9: =IFERROR(('Fat Spreads'!P9-AVERAGE('Fat Spreads'!$P$3:$P$4308))/STDEV('Fat Spreads'!$P$3:$P$4308),"") -> -0.092057462 | AJ9: =IFERROR('Fat Spreads'!P9-'Fat Spreads'!P14,"") -> 0 | AK9: =IFERROR('Fat Spreads'!P9-'Fat Spreads'!P19,"") -> 0 | AL9: =IFERROR(AVERAGE('Fat Spreads'!P9:P28)+2*STDEV('Fat Spreads'!P9:P28),"") -> 0 | AM9: =IFERROR(AVERAGE('Fat Spreads'!P9:P28)-2*STDEV('Fat Spreads'!P9:P28),"") -> 0 | AN9: =IFERROR(('Fat Spreads'!P9-(AVERAGE('Fat Spreads'!P9:P28)-2*STDEV('Fat Spreads'!P9:P28)))/(4*STDEV('Fat Spreads'!P9:P28)),"") | AO9: =IFERROR(4*STDEV('Fat Spreads'!P9:P28)/AVERAGE('Fat Spreads'!P9:P28),"") | AP9: 57.2066 | AQ9: =IFERROR(SQRT((SUMSQ('Fat Spreads'!P9:P28)-2*SUMPRODUCT('Fat Spreads'!P9:P28,'Fat Spreads'!P10:P29)+SUMSQ('Fat Spreads'!P10:P29)-('Fat Spreads'!P9-'Fat Spreads'!P29)^2/20)/19),"") -> 0 | AS9: =IFERROR('Fat Spreads'!AJ9,"") -> 0 | AT9: =IFERROR(('Fat Spreads'!AK9-AVERAGE('Fat Spreads'!$AK$3:$AK$4308))/STDEV('Fat Spreads'!$AK$3:$AK$4308),"") -> -0.092057462 | AU9: =IFERROR('Fat Spreads'!AK9-'Fat Spreads'!AK14,"") -> 0 | AV9: =IFERROR('Fat Spreads'!AK9-'Fat Spreads'!AK19,"") -> 0 | AW9: =IFERROR(AVERAGE('Fat Spreads'!AK9:AK28)+2*STDEV('Fat Spreads'!AK9:AK28),"") -> 0 | AX9: =IFERROR(AVERAGE('Fat Spreads'!AK9:AK28)-2*STDEV('Fat Spreads'!AK9:AK28),"") -> 0 | AY9: =IFERROR(('Fat Spreads'!AK9-(AVERAGE('Fat Spreads'!AK9:AK28)-2*STDEV('Fat Spreads'!AK9:AK28)))/(4*STDEV('Fat Spreads'!AK9:AK28)),"") | AZ9: =IFERROR(4*STDEV('Fat Spreads'!AK9:AK28)/AVERAGE('Fat Spreads'!AK9:AK28),"") | BA9: 48.2457 | BB9: =IFERROR(SQRT((SUMSQ('Fat Spreads'!AK9:AK28)-2*SUMPRODUCT('Fat Spreads'!AK9:AK28,'Fat Spreads'!AK10:AK29)+SUMSQ('Fat Spreads'!AK10:AK29)-('Fat Spreads'!AK9-'Fat Spreads'!AK29)^2/20)/19),"") -> 0 | BD9: =IFERROR('Fat Spreads'!V9,"") -> 0 | BE9: =IFERROR(('Fat Spreads'!W9-AVERAGE('Fat Spreads'!$W$3:$W$4308))/STDEV('Fat Spreads'!$W$3:$W$4308),"") -> -0.092057462 | BF9: =IFERROR('Fat Spreads'!W9-'Fat Spreads'!W14,"") -> 0 | BG9: =IFERROR('Fat Spreads'!W9-'Fat Spreads'!W19,"") -> 0 | BH9: =IFERROR(AVERAGE('Fat Spreads'!W9:W28)+2*STDEV('Fat Spreads'!W9:W28),"") -> 0 | BI9: =IFERROR(AVERAGE('Fat Spreads'!W9:W28)-2*STDEV('Fat Spreads'!W9:W28),"") -> 0 | BJ9: =IFERROR(('Fat Spreads'!W9-(AVERAGE('Fat Spreads'!W9:W28)-2*STDEV('Fat Spreads'!W9:W28)))/(4*STDEV('Fat Spreads'!W9:W28)),"") | BK9: =IFERROR(4*STDEV('Fat Spreads'!W9:W28)/AVERAGE('Fat Spreads'!W9:W28),"") | BL9: 55.0966 | BM9: =IFERROR(SQRT((SUMSQ('Fat Spreads'!W9:W28)-2*SUMPRODUCT('Fat Spreads'!W9:W28,'Fat Spreads'!W10:W29)+SUMSQ('Fat Spreads'!W10:W29)-('Fat Spreads'!W9-'Fat Spreads'!W29)^2/20)/19),"") -> 0 | BO9: =IFERROR('Fat Spreads'!AC9,"") -> 0 | BP9: =IFERROR(('Fat Spreads'!AD9-AVERAGE('Fat Spreads'!$AD$3:$AD$4308))/STDEV('Fat Spreads'!$AD$3:$AD$4308),"") -> -0.092057462 | BQ9: =IFERROR('Fat Spreads'!AD9-'Fat Spreads'!AD14,"") -> 0 | BR9: =IFERROR('Fat Spreads'!AD9-'Fat Spreads'!AD19,"") -> 0 | BS9: =IFERROR(AVERAGE('Fat Spreads'!AD9:AD28)+2*STDEV('Fat Spreads'!AD9:AD28),"") -> 0 | BT9: =IFERROR(AVERAGE('Fat Spreads'!AD9:AD28)-2*STDEV('Fat Spreads'!AD9:AD28),"") -> 0 | BU9: =IFERROR(('Fat Spreads'!AD9-(AVERAGE('Fat Spreads'!AD9:AD28)-2*STDEV('Fat Spreads'!AD9:AD28)))/(4*STDEV('Fat Spreads'!AD9:AD28)),"") | BV9: =IFERROR(4*STDEV('Fat Spreads'!AD9:AD28)/AVERAGE('Fat Spreads'!AD9:AD28),"") | BW9: 57.7633 | BX9: =IFERROR(SQRT((SUMSQ('Fat Spreads'!AD9:AD28)-2*SUMPRODUCT('Fat Spreads'!AD9:AD28,'Fat Spreads'!AD10:AD29)+SUMSQ('Fat Spreads'!AD10:AD29)-('Fat Spreads'!AD9-'Fat Spreads'!AD29)^2/20)/19),"") -> 0 | BZ9: =IFERROR('Feeder Spreads'!A9,"") -> 0 | CA9: =IFERROR(('Feeder Spreads'!B9-AVERAGE('Feeder Spreads'!$B$3:$B$4308))/STDEV('Feeder Spreads'!$B$3:$B$4308),"") -> -0.092057462 | CB9: =IFERROR('Feeder Spreads'!B9-'Feeder Spreads'!B14,"") -> 0 | CC9: =IFERROR('Feeder Spreads'!B9-'Feeder Spreads'!B19,"") -> 0 | CD9: =IFERROR(AVERAGE('Feeder Spreads'!B9:B28)+2*STDEV('Feeder Spreads'!B9:B28),"") -> 0 | CE9: =IFERROR(AVERAGE('Feeder Spreads'!B9:B28)-2*STDEV('Feeder Spreads'!B9:B28),"") -> 0 | CF9: =IFERROR(('Feeder Spreads'!B9-(AVERAGE('Feeder Spreads'!B9:B28)-2*STDEV('Feeder Spreads'!B9:B28)))/(4*STDEV('Feeder Spreads'!B9:B28)),"") | CG9: =IFERROR(4*STDEV('Feeder Spreads'!B9:B28)/AVERAGE('Feeder Spreads'!B9:B28),"") | CH9: 63.5216 | CI9: =IFERROR(SQRT((SUMSQ('Feeder Spreads'!B9:B28)-2*SUMPRODUCT('Feeder Spreads'!B9:B28,'Feeder Spreads'!B10:B29)+SUMSQ('Feeder Spreads'!B10:B29)-('Feeder Spreads'!B9-'Feeder Spreads'!B29)^2/20)/19),"") -> 0 | CK9: =IFERROR('Feeder Spreads'!AX9,"") -> 0 | CL9: =IFERROR(('Feeder Spreads'!AY9-AVERAGE('Feeder Spreads'!$AY$3:$AY$4308))/STDEV('Feeder Spreads'!$AY$3:$AY$4308),"") -> -0.092057462 | CM9: =IFERROR('Feeder Spreads'!AY9-'Feeder Spreads'!AY14,"") -> 0 | CN9: =IFERROR('Feeder Spreads'!AY9-'Feeder Spreads'!AY19,"") -> 0 | CO9: =IFERROR(AVERAGE('Feeder Spreads'!AY9:AY28)+2*STDEV('Feeder Spreads'!AY9:AY28),"") -> 0 | CP9: =IFERROR(AVERAGE('Feeder Spreads'!AY9:AY28)-2*STDEV('Feeder Spreads'!AY9:AY28),"") -> 0 | CQ9: =IFERROR(('Feeder Spreads'!AY9-(AVERAGE('Feeder Spreads'!AY9:AY28)-2*STDEV('Feeder Spreads'!AY9:AY28)))/(4*STDEV('Feeder Spreads'!AY9:AY28)),"") | CR9: =IFERROR(4*STDEV('Feeder Spreads'!AY9:AY28)/AVERAGE('Feeder Spreads'!AY9:AY28),"") | CS9: 50.8332 | CT9: =IFERROR(SQRT((SUMSQ('Feeder Spreads'!AY9:AY28)-2*SUMPRODUCT('Feeder Spreads'!AY9:AY28,'Feeder Spreads'!AY10:AY29)+SUMSQ('Feeder Spreads'!AY10:AY29)-('Feeder Spreads'!AY9-'Feeder Spreads'!AY29)^2/20)/19),"") -> 0 | CV9: =IFERROR('Feeder Spreads'!H9,"") -> 0 | CW9: =IFERROR(('Feeder Spreads'!I9-AVERAGE('Feeder Spreads'!$I$3:$I$4308))/STDEV('Feeder Spreads'!$I$3:$I$4308),"") -> -0.092057462 | CX9: =IFERROR('Feeder Spreads'!I9-'Feeder Spreads'!I14,"") -> 0 | CY9: =IFERROR('Feeder Spreads'!I9-'Feeder Spreads'!I19,"") -> 0 | CZ9: =IFERROR(AVERAGE('Feeder Spreads'!I9:I28)+2*STDEV('Feeder Spreads'!I9:I28),"") -> 0 | DA9: =IFERROR(AVERAGE('Feeder Spreads'!I9:I28)-2*STDEV('Feeder Spreads'!I9:I28),"") -> 0 | DB9: =IFERROR(('Feeder Spreads'!I9-(AVERAGE('Feeder Spreads'!I9:I28)-2*STDEV('Feeder Spreads'!I9:I28)))/(4*STDEV('Feeder Spreads'!I9:I28)),"") | DC9: =IFERROR(4*STDEV('Feeder Spreads'!I9:I28)/AVERAGE('Feeder Spreads'!I9:I28),"") | DD9: 40.8718 | DE9: =IFERROR(SQRT((SUMSQ('Feeder Spreads'!I9:I28)-2*SUMPRODUCT('Feeder Spreads'!I9:I28,'Feeder Spreads'!I10:I29)+SUMSQ('Feeder Spreads'!I10:I29)-('Feeder Spreads'!I9-'Feeder Spreads'!I29)^2/20)/19),"") -> 0 | DG9: =IFERROR('Feeder Spreads'!O9,"") -> 0 | DH9: =IFERROR(('Feeder Spreads'!P9-AVERAGE('Feeder Spreads'!$P$3:$P$4308))/STDEV('Feeder Spreads'!$P$3:$P$4308),"") -> -0.092057462 | DI9: =IFERROR('Feeder Spreads'!P9-'Feeder Spreads'!P14,"") -> 0 | DJ9: =IFERROR('Feeder Spreads'!P9-'Feeder Spreads'!P19,"") -> 0 | DK9: =IFERROR(AVERAGE('Feeder Spreads'!P9:P28)+2*STDEV('Feeder Spreads'!P9:P28),"") -> 0 | DL9: =IFERROR(AVERAGE('Feeder Spreads'!P9:P28)-2*STDEV('Feeder Spreads'!P9:P28),"") -> 0 | DM9: =IFERROR(('Feeder Spreads'!P9-(AVERAGE('Feeder Spreads'!P9:P28)-2*STDEV('Feeder Spreads'!P9:P28)))/(4*STDEV('Feeder Spreads'!P9:P28)),"") | DN9: =IFERROR(4*STDEV('Feeder Spreads'!P9:P28)/AVERAGE('Feeder Spreads'!P9:P28),"") | DO9: 52.9258 | DP9: =IFERROR(SQRT((SUMSQ('Feeder Spreads'!P9:P28)-2*SUMPRODUCT('Feeder Spreads'!P9:P28,'Feeder Spreads'!P10:P29)+SUMSQ('Feeder Spreads'!P10:P29)-('Feeder Spreads'!P9-'Feeder Spreads'!P29)^2/20)/19),"") -> 0 | DR9: =IFERROR('Feeder Spreads'!V9,"") -> 0 | DS9: =IFERROR(('Feeder Spreads'!W9-AVERAGE('Feeder Spreads'!$W$3:$W$4308))/STDEV('Feeder Spreads'!$W$3:$W$4308),"") -> -0.092057462 | DT9: =IFERROR('Feeder Spreads'!W9-'Feeder Spreads'!W14,"") -> 0 | DU9: =IFERROR('Feeder Spreads'!W9-'Feeder Spreads'!W19,"") -> 0 | DV9: =IFERROR(AVERAGE('Feeder Spreads'!W9:W28)+2*STDEV('Feeder Spreads'!W9:W28),"") -> 0 | DW9: =IFERROR(AVERAGE('Feeder Spreads'!W9:W28)-2*STDEV('Feeder Spreads'!W9:W28),"") -> 0 | DX9: =IFERROR(('Feeder Spreads'!W9-(AVERAGE('Feeder Spreads'!W9:W28)-2*STDEV('Feeder Spreads'!W9:W28)))/(4*STDEV('Feeder Spreads'!W9:W28)),"") | DY9: =IFERROR(4*STDEV('Feeder Spreads'!W9:W28)/AVERAGE('Feeder Spreads'!W9:W28),"") | DZ9: 36.6377 | EA9: =IFERROR(SQRT((SUMSQ('Feeder Spreads'!W9:W28)-2*SUMPRODUCT('Feeder Spreads'!W9:W28,'Feeder Spreads'!W10:W29)+SUMSQ('Feeder Spreads'!W10:W29)-('Feeder Spreads'!W9-'Feeder Spreads'!W29)^2/20)/19),"") -> 0 | EC9: =IFERROR('Feeder Spreads'!AC9,"") -> 0 | ED9: =IFERROR(('Feeder Spreads'!AD9-AVERAGE('Feeder Spreads'!$AD$3:$AD$4308))/STDEV('Feeder Spreads'!$AD$3:$AD$4308),"") -> 0.092057462 | EE9: =IFERROR('Feeder Spreads'!AD9-'Feeder Spreads'!AD14,"") -> 0 | EF9: =IFERROR('Feeder Spreads'!AD9-'Feeder Spreads'!AD19,"") -> 0 | EG9: =IFERROR(AVERAGE('Feeder Spreads'!AD9:AD28)+2*STDEV('Feeder Spreads'!AD9:AD28),"") -> 0 | EH9: =IFERROR(AVERAGE('Feeder Spreads'!AD9:AD28)-2*STDEV('Feeder Spreads'!AD9:AD28),"") -> 0 | EI9: =IFERROR(('Feeder Spreads'!AD9-(AVERAGE('Feeder Spreads'!AD9:AD28)-2*STDEV('Feeder Spreads'!AD9:AD28)))/(4*STDEV('Feeder Spreads'!AD9:AD28)),"") | EJ9: =IFERROR(4*STDEV('Feeder Spreads'!AD9:AD28)/AVERAGE('Feeder Spreads'!AD9:AD28),"") | EK9: 44.5295 | EL9: =IFERROR(SQRT((SUMSQ('Feeder Spreads'!AD9:AD28)-2*SUMPRODUCT('Feeder Spreads'!AD9:AD28,'Feeder Spreads'!AD10:AD29)+SUMSQ('Feeder Spreads'!AD10:AD29)-('Feeder Spreads'!AD9-'Feeder Spreads'!AD29)^2/20)/19),"") -> 0 | EN9: =IFERROR('Feeder Spreads'!AJ9,"") -> 0 | EO9: =IFERROR(('Feeder Spreads'!AK9-AVERAGE('Feeder Spreads'!$AK$3:$AK$4308))/STDEV('Feeder Spreads'!$AK$3:$AK$4308),"") -> -0.092057462 | EP9: =IFERROR('Feeder Spreads'!AK9-'Feeder Spreads'!AK14,"") -> 0 | EQ9: =IFERROR('Feeder Spreads'!AK9-'Feeder Spreads'!AK19,"") -> 0 | ER9: =IFERROR(AVERAGE('Feeder Spreads'!AK9:AK28)+2*STDEV('Feeder Spreads'!AK9:AK28),"") -> 0 | ES9: =IFERROR(AVERAGE('Feeder Spreads'!AK9:AK28)-2*STDEV('Feeder Spreads'!AK9:AK28),"") -> 0 | ET9: =IFERROR(('Feeder Spreads'!AK9-(AVERAGE('Feeder Spreads'!AK9:AK28)-2*STDEV('Feeder Spreads'!AK9:AK28)))/(4*STDEV('Feeder Spreads'!AK9:AK28)),"") | EU9: =IFERROR(4*STDEV('Feeder Spreads'!AK9:AK28)/AVERAGE('Feeder Spreads'!AK9:AK28),"") | EV9: 51.4436 | EW9: =IFERROR(SQRT((SUMSQ('Feeder Spreads'!AK9:AK28)-2*SUMPRODUCT('Feeder Spreads'!AK9:AK28,'Feeder Spreads'!AK10:AK29)+SUMSQ('Feeder Spreads'!AK10:AK29)-('Feeder Spreads'!AK9-'Feeder Spreads'!AK29)^2/20)/19),"") -> 0 | EY9: =IFERROR('Feeder Spreads'!AQ9,"") -> 0 | EZ9: =IFERROR(('Feeder Spreads'!AR9-AVERAGE('Feeder Spreads'!$AR$3:$AR$4308))/STDEV('Feeder Spreads'!$AR$3:$AR$4308),"") -> -0.092057462 | FA9: =IFERROR('Feeder Spreads'!AR9-'Feeder Spreads'!AR14,"") -> 0 | FB9: =IFERROR('Feeder Spreads'!AR9-'Feeder Spreads'!AR19,"") -> 0 | FC9: =IFERROR(AVERAGE('Feeder Spreads'!AR9:AR28)+2*STDEV('Feeder Spreads'!AR9:AR28),"") -> 0 | FD9: =IFERROR(AVERAGE('Feeder Spreads'!AR9:AR28)-2*STDEV('Feeder Spreads'!AR9:AR28),"") -> 0 | FE9: =IFERROR(('Feeder Spreads'!AR9-(AVERAGE('Feeder Spreads'!AR9:AR28)-2*STDEV('Feeder Spreads'!AR9:AR28)))/(4*STDEV('Feeder Spreads'!AR9:AR28)),"") | FF9: =IFERROR(4*STDEV('Feeder Spreads'!AR9:AR28)/AVERAGE('Feeder Spreads'!AR9:AR28),"") | FG9: 51.9554 | FH9: =IFERROR(SQRT((SUMSQ('Feeder Spreads'!AR9:AR28)-2*SUMPRODUCT('Feeder Spreads'!AR9:AR28,'Feeder Spreads'!AR10:AR29)+SUMSQ('Feeder Spreads'!AR10:AR29)-('Feeder Spreads'!AR9-'Feeder Spreads'!AR29)^2/20)/19),"") -> 0 | FJ9: =IFERROR('Fat Spreads'!AX9,"") -> 0 | FK9: =IFERROR(('Fat Spreads'!AY9-AVERAGE('Fat Spreads'!$AY$3:$AY$4308))/STDEV('Fat Spreads'!$AY$3:$AY$4308),"") -> 0.092057462 | FL9: =IFERROR('Fat Spreads'!AY9-'Fat Spreads'!AY14,"") -> 0 | FM9: =IFERROR('Fat Spreads'!AY9-'Fat Spreads'!AY19,"") -> 0 | FN9: =IFERROR(AVERAGE('Fat Spreads'!AY9:AY28)+2*STDEV('Fat Spreads'!AY9:AY28),"") -> 0 | FO9: =IFERROR(AVERAGE('Fat Spreads'!AY9:AY28)-2*STDEV('Fat Spreads'!AY9:AY28),"") -> 0 | FP9: =IFERROR(('Fat Spreads'!AY9-(AVERAGE('Fat Spreads'!AY9:AY28)-2*STDEV('Fat Spreads'!AY9:AY28)))/(4*STDEV('Fat Spreads'!AY9:AY28)),"") | FQ9: =IFERROR(4*STDEV('Fat Spreads'!AY9:AY28)/AVERAGE('Fat Spreads'!AY9:AY28),"") | FR9: 43.551 | FS9: =IFERROR(SQRT((SUMSQ('Fat Spreads'!AY9:AY28)-2*SUMPRODUCT('Fat Spreads'!AY9:AY28,'Fat Spreads'!AY10:AY29)+SUMSQ('Fat Spreads'!AY10:AY29)-('Fat Spreads'!AY9-'Fat Spreads'!AY29)^2/20)/19),"") -> 0 | FU9: =IFERROR('Fat Spreads'!BE9,"") -> 0 | FV9: =IFERROR(('Fat Spreads'!BF9-AVERAGE('Fat Spreads'!$BF$3:$BF$4308))/STDEV('Fat Spreads'!$BF$3:$BF$4308),"") -> 0.092057462 | FW9: =IFERROR('Fat Spreads'!BF9-'Fat Spreads'!BF14,"") -> 0 | FX9: =IFERROR('Fat Spreads'!BF9-'Fat Spreads'!BF19,"") -> 0 | FY9: =IFERROR(AVERAGE('Fat Spreads'!BF9:BF28)+2*STDEV('Fat Spreads'!BF9:BF28),"") -> 0 | FZ9: =IFERROR(AVERAGE('Fat Spreads'!BF9:BF28)-2*STDEV('Fat Spreads'!BF9:BF28),"") -> 0 | GA9: =IFERROR(('Fat Spreads'!BF9-(AVERAGE('Fat Spreads'!BF9:BF28)-2*STDEV('Fat Spreads'!BF9:BF28)))/(4*STDEV('Fat Spreads'!BF9:BF28)),"") | GB9: =IFERROR(4*STDEV('Fat Spreads'!BF9:BF28)/AVERAGE('Fat Spreads'!BF9:BF28),"") | GC9: 44.0176 | GD9: =IFERROR(SQRT((SUMSQ('Fat Spreads'!BF9:BF28)-2*SUMPRODUCT('Fat Spreads'!BF9:BF28,'Fat Spreads'!BF10:BF29)+SUMSQ('Fat Spreads'!BF10:BF29)-('Fat Spreads'!BF9-'Fat Spreads'!BF29)^2/20)/19),"") -> 0
